Tempo, Referencia, Erro, Posicao
0.000000, 0.000000, -0.053763, 0.053763
0.000000, 0.000000, -0.058651, 0.058651
0.001000, 0.001000, -0.019550, 0.019550
0.004000, 0.004000, -0.052763, 0.053763
0.007000, 0.007000, -0.049763, 0.053763
0.011000, 0.011000, -0.046763, 0.053763
0.014000, 0.014000, -0.042763, 0.053763
0.018000, 0.018000, -0.005550, 0.019550
0.021000, 0.021000, -0.035763, 0.053763
0.024000, 0.024000, -0.032763, 0.053763
0.028000, 0.028000, -0.029763, 0.053763
0.031000, 0.031000, -0.025763, 0.053763
0.035000, 0.035000, 0.011450, 0.019550
0.038000, 0.038000, -0.018763, 0.053763
0.041000, 0.041000, -0.015763, 0.053763
0.046000, 0.046000, -0.012763, 0.053763
0.049000, 0.049000, -0.007763, 0.053763
0.053000, 0.053000, 0.039225, 0.009775
0.056000, 0.056000, -0.000763, 0.053763
0.059000, 0.059000, 0.007124, 0.048876
0.063000, 0.063000, 0.039450, 0.019550
0.066000, 0.066000, 0.009237, 0.053763
0.069000, 0.069000, 0.012237, 0.053763
0.073000, 0.073000, 0.054337, 0.014663
0.076000, 0.076000, 0.019237, 0.053763
0.079000, 0.079000, 0.022237, 0.053763
0.083000, 0.083000, 0.074112, 0.004888
0.087000, 0.087000, 0.029237, 0.053763
0.090000, 0.090000, 0.033237, 0.053763
0.094000, 0.094000, 0.016686, 0.073314
0.097000, 0.097000, 0.040237, 0.053763
0.100000, 0.100000, 0.043237, 0.053763
0.104000, 0.104000, 0.026686, 0.073314
0.107000, 0.107000, 0.050237, 0.053763
0.110000, 0.110000, 0.053237, 0.053763
0.114000, 0.114000, 0.056237, 0.053763
0.117000, 0.117000, 0.065124, 0.048876
0.120000, 0.120000, 0.063237, 0.053763
0.123000, 0.123000, 0.066237, 0.053763
0.128000, 0.128000, 0.083899, 0.039101
0.131000, 0.131000, 0.074237, 0.053763
0.134000, 0.134000, 0.077237, 0.053763
0.138000, 0.138000, 0.104674, 0.029326
0.141000, 0.141000, 0.084237, 0.053763
0.144000, 0.144000, 0.087237, 0.053763
0.148000, 0.148000, 0.124450, 0.019550
0.151000, 0.151000, 0.094237, 0.053763
0.154000, 0.154000, 0.097237, 0.053763
0.158000, 0.158000, 0.139337, 0.014663
0.161000, 0.161000, 0.104237, 0.053763
0.164000, 0.164000, 0.107237, 0.053763
0.168000, 0.168000, 0.159112, 0.004888
0.172000, 0.172000, 0.114237, 0.053763
0.175000, 0.175000, 0.118237, 0.053763
0.179000, 0.179000, 0.101686, 0.073314
0.182000, 0.182000, 0.125237, 0.053763
0.185000, 0.185000, 0.128237, 0.053763
0.189000, 0.189000, 0.131237, 0.053763
0.192000, 0.192000, 0.135237, 0.053763
0.195000, 0.195000, 0.138237, 0.053763
0.199000, 0.199000, 0.141237, 0.053763
0.202000, 0.202000, 0.145237, 0.053763
0.205000, 0.205000, 0.148237, 0.053763
0.208000, 0.208000, 0.151237, 0.053763
0.212000, 0.212000, 0.154237, 0.053763
0.216000, 0.216000, 0.148461, 0.063539
0.219000, 0.219000, 0.152461, 0.063539
0.223000, 0.223000, 0.179899, 0.039101
0.226000, 0.226000, 0.159461, 0.063539
0.229000, 0.229000, 0.162461, 0.063539
0.233000, 0.233000, 0.199674, 0.029326
0.236000, 0.236000, 0.169461, 0.063539
0.239000, 0.239000, 0.172461, 0.063539
0.243000, 0.243000, 0.209674, 0.029326
0.246000, 0.246000, 0.174574, 0.068426
0.249000, 0.249000, 0.177574, 0.068426
0.253000, 0.253000, 0.229450, 0.019550
0.257000, 0.257000, 0.179686, 0.073314
0.260000, 0.260000, 0.183686, 0.073314
0.264000, 0.264000, 0.172023, 0.087977
0.267000, 0.267000, 0.190686, 0.073314
0.270000, 0.270000, 0.193686, 0.073314
0.274000, 0.274000, 0.196686, 0.073314
0.277000, 0.277000, 0.200686, 0.073314
0.280000, 0.280000, 0.198799, 0.078201
0.284000, 0.284000, 0.201799, 0.078201
0.287000, 0.287000, 0.205799, 0.078201
0.290000, 0.290000, 0.208799, 0.078201
0.294000, 0.294000, 0.206911, 0.083089
0.297000, 0.297000, 0.220686, 0.073314
0.301000, 0.301000, 0.213911, 0.083089
0.304000, 0.304000, 0.217911, 0.083089
0.308000, 0.308000, 0.245349, 0.058651
0.311000, 0.311000, 0.220023, 0.087977
0.314000, 0.314000, 0.223023, 0.087977
0.318000, 0.318000, 0.255349, 0.058651
0.321000, 0.321000, 0.225136, 0.092864
0.324000, 0.324000, 0.228136, 0.092864
0.328000, 0.328000, 0.270237, 0.053763
0.331000, 0.331000, 0.225361, 0.102639
0.334000, 0.334000, 0.228361, 0.102639
0.338000, 0.338000, 0.280237, 0.053763
0.342000, 0.342000, 0.235361, 0.102639
0.345000, 0.345000, 0.234473, 0.107527
0.349000, 0.349000, 0.217923, 0.127077
0.352000, 0.352000, 0.241473, 0.107527
0.355000, 0.355000, 0.239586, 0.112414
0.359000, 0.359000, 0.242586, 0.112414
0.362000, 0.362000, 0.246586, 0.112414
0.365000, 0.365000, 0.249586, 0.112414
0.369000, 0.369000, 0.252586, 0.112414
0.372000, 0.372000, 0.256586, 0.112414
0.375000, 0.375000, 0.259586, 0.112414
0.379000, 0.379000, 0.257698, 0.117302
0.382000, 0.382000, 0.266586, 0.112414
0.386000, 0.386000, 0.264698, 0.117302
0.389000, 0.389000, 0.268698, 0.117302
0.393000, 0.393000, 0.281473, 0.107527
0.396000, 0.396000, 0.270810, 0.122190
0.399000, 0.399000, 0.273810, 0.122190
0.403000, 0.403000, 0.311023, 0.087977
0.406000, 0.406000, 0.280810, 0.122190
0.409000, 0.409000, 0.283810, 0.122190
0.413000, 0.413000, 0.321023, 0.087977
0.416000, 0.416000, 0.281035, 0.131965
0.419000, 0.419000, 0.284035, 0.131965
0.423000, 0.423000, 0.340799, 0.078201
0.427000, 0.427000, 0.286148, 0.136852
0.430000, 0.430000, 0.285260, 0.141740
0.434000, 0.434000, 0.278485, 0.151515
0.437000, 0.437000, 0.287372, 0.146628
0.440000, 0.440000, 0.285485, 0.151515
0.444000, 0.444000, 0.288485, 0.151515
0.447000, 0.447000, 0.292485, 0.151515
0.450000, 0.450000, 0.290597, 0.156403
0.454000, 0.454000, 0.293597, 0.156403
0.457000, 0.457000, 0.292710, 0.161290
0.460000, 0.460000, 0.295710, 0.161290
0.464000, 0.464000, 0.298710, 0.161290
0.467000, 0.467000, 0.302710, 0.161290
0.471000, 0.471000, 0.295934, 0.171065
0.474000, 0.474000, 0.299935, 0.171065
0.478000, 0.478000, 0.322485, 0.151515
0.481000, 0.481000, 0.306934, 0.171065
0.484000, 0.484000, 0.309934, 0.171065
0.488000, 0.488000, 0.337372, 0.146628
0.491000, 0.491000, 0.307159, 0.180841
0.494000, 0.494000, 0.310159, 0.180841
0.498000, 0.498000, 0.347372, 0.146628
0.501000, 0.501000, 0.307384, 0.190616
0.504000, 0.504000, 0.305497, 0.195503
0.508000, 0.508000, 0.357372, 0.146628
0.512000, 0.512000, 0.307609, 0.200391
0.515000, 0.515000, 0.306721, 0.205279
0.519000, 0.519000, 0.295059, 0.219941
0.522000, 0.522000, 0.313721, 0.205279
0.525000, 0.525000, 0.316721, 0.205279
0.529000, 0.529000, 0.314834, 0.210166
0.532000, 0.532000, 0.318834, 0.210166
0.535000, 0.535000, 0.321834, 0.210166
0.539000, 0.539000, 0.324834, 0.210166
0.542000, 0.542000, 0.328834, 0.210166
0.545000, 0.545000, 0.331834, 0.210166
0.549000, 0.549000, 0.334834, 0.210166
0.552000, 0.552000, 0.333946, 0.215054
0.556000, 0.556000, 0.336946, 0.215054
0.559000, 0.559000, 0.340946, 0.215054
0.563000, 0.563000, 0.358609, 0.200391
0.566000, 0.566000, 0.343059, 0.219941
0.569000, 0.569000, 0.346059, 0.219941
0.573000, 0.573000, 0.378384, 0.190616
0.576000, 0.576000, 0.343283, 0.229717
0.579000, 0.579000, 0.341396, 0.234604
0.583000, 0.583000, 0.378609, 0.200391
0.586000, 0.586000, 0.343508, 0.239492
0.589000, 0.589000, 0.341621, 0.244379
0.593000, 0.593000, 0.393497, 0.195503
0.596000, 0.596000, 0.343733, 0.249267
0.600000, 0.600000, 0.346733, 0.249267
0.604000, 0.604000, 0.331183, 0.268817
0.607000, 0.607000, 0.354733, 0.249267
0.610000, 0.610000, 0.352846, 0.254154
0.614000, 0.614000, 0.350958, 0.259042
0.617000, 0.617000, 0.359846, 0.254154
0.620000, 0.620000, 0.357958, 0.259042
0.624000, 0.624000, 0.360958, 0.259042
0.627000, 0.627000, 0.360070, 0.263930
0.630000, 0.630000, 0.353295, 0.273705
0.634000, 0.634000, 0.356295, 0.273705
0.637000, 0.637000, 0.355408, 0.278592
0.641000, 0.641000, 0.358408, 0.278592
0.644000, 0.644000, 0.357520, 0.283480
0.648000, 0.648000, 0.375183, 0.268817
0.651000, 0.651000, 0.359632, 0.288368
0.654000, 0.654000, 0.357745, 0.293255
0.658000, 0.658000, 0.385183, 0.268817
0.661000, 0.661000, 0.354970, 0.303030
0.664000, 0.664000, 0.357970, 0.303030
0.668000, 0.668000, 0.400070, 0.263930
0.671000, 0.671000, 0.360082, 0.307918
0.674000, 0.674000, 0.358195, 0.312805
0.678000, 0.678000, 0.414958, 0.259042
0.681000, 0.681000, 0.365194, 0.312805
0.685000, 0.685000, 0.368195, 0.312805
0.689000, 0.689000, 0.357532, 0.327468
0.692000, 0.692000, 0.376195, 0.312805
0.695000, 0.695000, 0.374307, 0.317693
0.699000, 0.699000, 0.377307, 0.317693
0.702000, 0.702000, 0.381307, 0.317693
0.705000, 0.705000, 0.384307, 0.317693
0.709000, 0.709000, 0.387307, 0.317693
0.712000, 0.712000, 0.391307, 0.317693
0.715000, 0.715000, 0.389419, 0.322581
0.719000, 0.719000, 0.392419, 0.322581
0.722000, 0.722000, 0.396419, 0.322581
0.726000, 0.726000, 0.394532, 0.327468
0.730000, 0.730000, 0.398532, 0.327468
0.733000, 0.733000, 0.407419, 0.322581
0.736000, 0.736000, 0.395757, 0.337243
0.739000, 0.739000, 0.398757, 0.337243
0.743000, 0.743000, 0.421307, 0.317693
0.746000, 0.746000, 0.381319, 0.361681
0.749000, 0.749000, 0.369656, 0.376344
0.753000, 0.753000, 0.411757, 0.337243
0.756000, 0.756000, 0.376656, 0.376344
0.759000, 0.759000, 0.379656, 0.376344
0.763000, 0.763000, 0.421757, 0.337243
0.766000, 0.766000, 0.381768, 0.381232
0.770000, 0.770000, 0.384768, 0.381232
0.774000, 0.774000, 0.374106, 0.395894
0.777000, 0.777000, 0.392768, 0.381232
0.780000, 0.780000, 0.395768, 0.381232
0.784000, 0.784000, 0.393881, 0.386119
0.787000, 0.787000, 0.397881, 0.386119
0.790000, 0.790000, 0.400881, 0.386119
0.794000, 0.794000, 0.408768, 0.381232
0.797000, 0.797000, 0.407881, 0.386119
0.800000, 0.800000, 0.410881, 0.386119
0.804000, 0.804000, 0.404106, 0.395894
0.807000, 0.807000, 0.408106, 0.395894
0.811000, 0.811000, 0.406218, 0.400782
0.815000, 0.815000, 0.405330, 0.405670
0.818000, 0.818000, 0.409330, 0.405670
0.821000, 0.821000, 0.402555, 0.415445
0.824000, 0.824000, 0.400668, 0.420332
0.828000, 0.828000, 0.428106, 0.395894
0.831000, 0.831000, 0.402780, 0.425220
0.834000, 0.834000, 0.405780, 0.425220
0.838000, 0.838000, 0.442993, 0.391007
0.841000, 0.841000, 0.407892, 0.430108
0.844000, 0.844000, 0.410892, 0.430108
0.848000, 0.848000, 0.452993, 0.391007
0.851000, 0.851000, 0.408117, 0.439883
0.855000, 0.855000, 0.406230, 0.444770
0.859000, 0.859000, 0.390679, 0.464321
0.862000, 0.862000, 0.409342, 0.449658
0.865000, 0.865000, 0.407455, 0.454545
0.869000, 0.869000, 0.400679, 0.464321
0.872000, 0.872000, 0.414455, 0.454545
0.875000, 0.875000, 0.412567, 0.459433
0.879000, 0.879000, 0.410679, 0.464321
0.882000, 0.882000, 0.414679, 0.464321
0.885000, 0.885000, 0.417679, 0.464321
0.889000, 0.889000, 0.415792, 0.469208
0.892000, 0.892000, 0.419792, 0.469208
0.896000, 0.896000, 0.417904, 0.474096
0.900000, 0.900000, 0.421904, 0.474096
0.903000, 0.903000, 0.425904, 0.474096
0.906000, 0.906000, 0.428904, 0.474096
0.909000, 0.909000, 0.427017, 0.478983
0.913000, 0.913000, 0.454455, 0.454545
0.916000, 0.916000, 0.429129, 0.483871
0.919000, 0.919000, 0.432129, 0.483871
0.923000, 0.923000, 0.469342, 0.449658
0.926000, 0.926000, 0.429354, 0.493646
0.929000, 0.929000, 0.432354, 0.493646
0.933000, 0.933000, 0.479342, 0.449658
0.936000, 0.936000, 0.434466, 0.498534
0.940000, 0.940000, 0.432579, 0.503421
0.944000, 0.944000, 0.421916, 0.518084
0.947000, 0.947000, 0.435691, 0.508309
0.950000, 0.950000, 0.433804, 0.513196
0.954000, 0.954000, 0.427028, 0.522972
0.957000, 0.957000, 0.440804, 0.513196
0.960000, 0.960000, 0.443804, 0.513196
0.964000, 0.964000, 0.441916, 0.518084
0.967000, 0.967000, 0.441028, 0.522972
0.970000, 0.970000, 0.444028, 0.522972
0.974000, 0.974000, 0.447028, 0.522972
0.977000, 0.977000, 0.451028, 0.522972
0.980000, 0.980000, 0.449141, 0.527859
0.985000, 0.985000, 0.447253, 0.532747
0.988000, 0.988000, 0.452253, 0.532747
0.991000, 0.991000, 0.450366, 0.537634
0.994000, 0.994000, 0.448478, 0.542522
0.998000, 0.998000, 0.471028, 0.522972
1.001000, 1.001000, 0.455478, 0.542522
1.004000, 1.004000, 0.453590, 0.547410
1.008000, 1.008000, 0.490803, 0.513196
1.011000, 1.011000, 0.455703, 0.552297
1.014000, 1.014000, 0.458703, 0.552297
1.018000, 1.018000, 0.500804, 0.513196
1.021000, 1.021000, 0.455928, 0.562072
1.025000, 1.025000, 0.458928, 0.562072
1.029000, 1.029000, 0.448265, 0.576735
1.032000, 1.032000, 0.462040, 0.566960
1.035000, 1.035000, 0.460152, 0.571847
1.039000, 1.039000, 0.453377, 0.581623
1.042000, 1.042000, 0.462265, 0.576735
1.045000, 1.045000, 0.465265, 0.576735
1.049000, 1.049000, 0.463377, 0.581623
1.052000, 1.052000, 0.467377, 0.581623
1.055000, 1.055000, 0.465490, 0.586510
1.059000, 1.059000, 0.468490, 0.586510
1.062000, 1.062000, 0.467602, 0.591398
1.065000, 1.065000, 0.470602, 0.591398
1.070000, 1.070000, 0.468715, 0.596285
1.073000, 1.073000, 0.468827, 0.601173
1.076000, 1.076000, 0.471827, 0.601173
1.079000, 1.079000, 0.469939, 0.606061
1.083000, 1.083000, 0.477827, 0.601173
1.086000, 1.086000, 0.467164, 0.615836
1.089000, 1.089000, 0.460389, 0.625611
1.093000, 1.093000, 0.497602, 0.591398
1.096000, 1.096000, 0.462502, 0.630499
1.099000, 1.099000, 0.465501, 0.630499
1.103000, 1.103000, 0.512490, 0.586510
1.106000, 1.106000, 0.467614, 0.635386
1.110000, 1.110000, 0.470614, 0.635386
1.114000, 1.114000, 0.459951, 0.650049
1.117000, 1.117000, 0.473726, 0.640274
1.120000, 1.120000, 0.476726, 0.640274
1.124000, 1.124000, 0.465064, 0.654936
1.127000, 1.127000, 0.478839, 0.645161
1.130000, 1.130000, 0.476951, 0.650049
1.134000, 1.134000, 0.479951, 0.650049
1.137000, 1.137000, 0.483951, 0.650049
1.140000, 1.140000, 0.482064, 0.654936
1.144000, 1.144000, 0.480176, 0.659824
1.147000, 1.147000, 0.484176, 0.659824
1.150000, 1.150000, 0.482288, 0.664712
1.155000, 1.155000, 0.480401, 0.669599
1.158000, 1.158000, 0.480513, 0.674487
1.161000, 1.161000, 0.478626, 0.679374
1.165000, 1.165000, 0.471850, 0.689150
1.168000, 1.168000, 0.495401, 0.669599
1.171000, 1.171000, 0.478850, 0.689150
1.174000, 1.174000, 0.476963, 0.694037
1.178000, 1.178000, 0.509288, 0.664712
1.181000, 1.181000, 0.479075, 0.698925
1.184000, 1.184000, 0.482075, 0.698925
1.188000, 1.188000, 0.519288, 0.664712
1.191000, 1.191000, 0.479300, 0.708700
1.195000, 1.195000, 0.477413, 0.713587
1.199000, 1.199000, 0.461862, 0.733138
1.202000, 1.202000, 0.475637, 0.723363
1.205000, 1.205000, 0.473750, 0.728250
1.209000, 1.209000, 0.462087, 0.742913
1.212000, 1.212000, 0.480750, 0.728250
1.215000, 1.215000, 0.478862, 0.733138
1.219000, 1.219000, 0.476975, 0.738025
1.222000, 1.222000, 0.480975, 0.738025
1.225000, 1.225000, 0.479087, 0.742913
1.229000, 1.229000, 0.477199, 0.747801
1.232000, 1.232000, 0.481199, 0.747801
1.235000, 1.235000, 0.479312, 0.752688
1.240000, 1.240000, 0.482312, 0.752688
1.243000, 1.243000, 0.482424, 0.757576
1.246000, 1.246000, 0.485424, 0.757576
1.250000, 1.250000, 0.483537, 0.762463
1.253000, 1.253000, 0.492424, 0.757576
1.256000, 1.256000, 0.485649, 0.767351
1.259000, 1.259000, 0.483762, 0.772238
1.263000, 1.263000, 0.516087, 0.742913
1.266000, 1.266000, 0.485874, 0.777126
1.269000, 1.269000, 0.488874, 0.777126
1.273000, 1.273000, 0.535862, 0.733138
1.276000, 1.276000, 0.495874, 0.777126
1.280000, 1.280000, 0.493986, 0.782014
1.284000, 1.284000, 0.488211, 0.791789
1.287000, 1.287000, 0.501986, 0.782014
1.290000, 1.290000, 0.500099, 0.786901
1.294000, 1.294000, 0.488436, 0.801564
1.297000, 1.297000, 0.497324, 0.796676
1.300000, 1.300000, 0.495436, 0.801564
1.304000, 1.304000, 0.493548, 0.806452
1.307000, 1.307000, 0.497548, 0.806452
1.310000, 1.310000, 0.495661, 0.811339
1.314000, 1.314000, 0.493773, 0.816227
1.317000, 1.317000, 0.497773, 0.816227
1.320000, 1.320000, 0.495886, 0.821114
1.325000, 1.325000, 0.498886, 0.821114
1.328000, 1.328000, 0.498998, 0.826002
1.331000, 1.331000, 0.501998, 0.826002
1.335000, 1.335000, 0.500110, 0.830890
1.338000, 1.338000, 0.508998, 0.826002
1.341000, 1.341000, 0.502223, 0.835777
1.344000, 1.344000, 0.500335, 0.840665
1.348000, 1.348000, 0.513110, 0.830890
1.351000, 1.351000, 0.497560, 0.850440
1.354000, 1.354000, 0.500560, 0.850440
1.358000, 1.358000, 0.537773, 0.816227
1.361000, 1.361000, 0.497785, 0.860215
1.364000, 1.364000, 0.495897, 0.865103
1.369000, 1.369000, 0.552661, 0.811339
1.372000, 1.372000, 0.499010, 0.869990
1.375000, 1.375000, 0.502010, 0.869990
1.379000, 1.379000, 0.490347, 0.884653
1.382000, 1.382000, 0.504122, 0.874878
1.385000, 1.385000, 0.502235, 0.879765
1.389000, 1.389000, 0.500347, 0.884653
1.392000, 1.392000, 0.504347, 0.884653
1.395000, 1.395000, 0.502459, 0.889541
1.399000, 1.399000, 0.500572, 0.894428
1.402000, 1.402000, 0.504572, 0.894428
1.405000, 1.405000, 0.502684, 0.899316
1.410000, 1.410000, 0.505684, 0.899316
1.413000, 1.413000, 0.510684, 0.899316
1.416000, 1.416000, 0.508797, 0.904203
1.420000, 1.420000, 0.506909, 0.909091
1.423000, 1.423000, 0.506021, 0.913979
1.426000, 1.426000, 0.504134, 0.918866
1.429000, 1.429000, 0.502246, 0.923754
1.433000, 1.433000, 0.519909, 0.909091
1.436000, 1.436000, 0.504359, 0.928641
1.439000, 1.439000, 0.502471, 0.933529
1.443000, 1.443000, 0.539684, 0.899316
1.446000, 1.446000, 0.504584, 0.938416
1.449000, 1.449000, 0.502696, 0.943304
1.454000, 1.454000, 0.554572, 0.894428
1.457000, 1.457000, 0.510696, 0.943304
1.460000, 1.460000, 0.508808, 0.948192
1.464000, 1.464000, 0.492258, 0.967742
1.467000, 1.467000, 0.501146, 0.962854
1.470000, 1.470000, 0.504146, 0.962854
1.474000, 1.474000, 0.497371, 0.972629
1.477000, 1.477000, 0.506258, 0.967742
1.480000, 1.480000, 0.509258, 0.967742
1.484000, 1.484000, 0.507371, 0.972629
1.487000, 1.487000, 0.511370, 0.972629
1.490000, 1.490000, 0.509483, 0.977517
1.495000, 1.495000, 0.502708, 0.987292
1.498000, 1.498000, 0.507708, 0.987292
1.501000, 1.501000, 0.496045, 1.001955
1.505000, 1.505000, 0.499045, 1.001955
1.508000, 1.508000, 0.503045, 1.001955
1.511000, 1.511000, 0.501157, 1.006843
1.514000, 1.514000, 0.499270, 1.011730
1.518000, 1.518000, 0.521820, 0.992180
1.521000, 1.521000, 0.511157, 1.006843
1.524000, 1.524000, 0.509270, 1.011730
1.528000, 1.528000, 0.546483, 0.977517
1.531000, 1.531000, 0.516270, 1.011730
1.534000, 1.534000, 0.514382, 1.016618
1.539000, 1.539000, 0.556483, 0.977517
1.542000, 1.542000, 0.517495, 1.021505
1.545000, 1.545000, 0.520495, 1.021505
1.549000, 1.549000, 0.513719, 1.031281
1.552000, 1.552000, 0.527495, 1.021505
1.555000, 1.555000, 0.525607, 1.026393
1.559000, 1.559000, 0.523719, 1.031281
1.562000, 1.562000, 0.527719, 1.031281
1.565000, 1.565000, 0.530720, 1.031281
1.569000, 1.569000, 0.528832, 1.036168
1.572000, 1.572000, 0.527944, 1.041056
1.575000, 1.575000, 0.526057, 1.045943
1.580000, 1.580000, 0.524169, 1.050831
1.583000, 1.583000, 0.529169, 1.050831
1.586000, 1.586000, 0.522394, 1.060606
1.590000, 1.590000, 0.520506, 1.065494
1.593000, 1.593000, 0.529394, 1.060606
1.596000, 1.596000, 0.527506, 1.065494
1.600000, 1.600000, 0.525619, 1.070381
1.603000, 1.603000, 0.544281, 1.055719
1.606000, 1.606000, 0.527731, 1.075269
1.609000, 1.609000, 0.520956, 1.085044
1.613000, 1.613000, 0.558169, 1.050831
1.616000, 1.616000, 0.523068, 1.089932
1.619000, 1.619000, 0.521181, 1.094819
1.624000, 1.624000, 0.573057, 1.045943
1.627000, 1.627000, 0.529181, 1.094819
1.630000, 1.630000, 0.527293, 1.099707
1.634000, 1.634000, 0.515630, 1.114370
1.637000, 1.637000, 0.529406, 1.104594
1.640000, 1.640000, 0.527518, 1.109482
1.644000, 1.644000, 0.515855, 1.124145
1.647000, 1.647000, 0.524743, 1.119257
1.650000, 1.650000, 0.517968, 1.129032
1.654000, 1.654000, 0.516080, 1.133920
1.657000, 1.657000, 0.520080, 1.133920
1.660000, 1.660000, 0.523080, 1.133920
1.665000, 1.665000, 0.521193, 1.138807
1.668000, 1.668000, 0.526193, 1.138807
1.671000, 1.671000, 0.529193, 1.138807
1.675000, 1.675000, 0.532193, 1.138807
1.678000, 1.678000, 0.536193, 1.138807
1.681000, 1.681000, 0.529417, 1.148583
1.685000, 1.685000, 0.532417, 1.148583
1.688000, 1.688000, 0.546193, 1.138807
1.691000, 1.691000, 0.534530, 1.153470
1.694000, 1.694000, 0.532642, 1.158358
1.698000, 1.698000, 0.569855, 1.124145
1.701000, 1.701000, 0.534755, 1.163245
1.704000, 1.704000, 0.532867, 1.168133
1.709000, 1.709000, 0.579855, 1.124145
1.712000, 1.712000, 0.531092, 1.177908
1.715000, 1.715000, 0.534092, 1.177908
1.719000, 1.719000, 0.522429, 1.192571
1.722000, 1.722000, 0.531317, 1.187683
1.725000, 1.725000, 0.534317, 1.187683
1.729000, 1.729000, 0.517766, 1.207234
1.732000, 1.732000, 0.531542, 1.197458
1.735000, 1.735000, 0.534542, 1.197458
1.739000, 1.739000, 0.532654, 1.202346
1.742000, 1.742000, 0.531766, 1.207234
1.745000, 1.745000, 0.534766, 1.207234
1.750000, 1.750000, 0.532879, 1.212121
1.753000, 1.753000, 0.532991, 1.217009
1.756000, 1.756000, 0.531104, 1.221896
1.760000, 1.760000, 0.529216, 1.226784
1.763000, 1.763000, 0.533216, 1.226784
1.766000, 1.766000, 0.526441, 1.236559
1.770000, 1.770000, 0.529441, 1.236559
1.773000, 1.773000, 0.538328, 1.231672
1.776000, 1.776000, 0.526666, 1.246334
1.779000, 1.779000, 0.529666, 1.246334
1.783000, 1.783000, 0.561991, 1.217009
1.786000, 1.786000, 0.526891, 1.256109
1.789000, 1.789000, 0.529891, 1.256109
1.794000, 1.794000, 0.571991, 1.217009
1.797000, 1.797000, 0.528115, 1.265885
1.800000, 1.800000, 0.526228, 1.270772
1.804000, 1.804000, 0.587879, 1.212121
1.807000, 1.807000, 0.528340, 1.275660
1.810000, 1.810000, 0.526453, 1.280547
1.814000, 1.814000, 0.519677, 1.290323
1.817000, 1.817000, 0.528565, 1.285435
1.820000, 1.820000, 0.526677, 1.290323
1.824000, 1.824000, 0.524790, 1.295210
1.827000, 1.827000, 0.528790, 1.295210
1.830000, 1.830000, 0.531790, 1.295210
1.835000, 1.835000, 0.529902, 1.300098
1.838000, 1.838000, 0.539790, 1.295210
1.841000, 1.841000, 0.533015, 1.304985
1.845000, 1.845000, 0.531127, 1.309873
1.848000, 1.848000, 0.535127, 1.309873
1.851000, 1.851000, 0.533240, 1.314760
1.855000, 1.855000, 0.531352, 1.319648
1.858000, 1.858000, 0.540240, 1.314760
1.861000, 1.861000, 0.533464, 1.324536
1.864000, 1.864000, 0.531577, 1.329423
1.868000, 1.868000, 0.559015, 1.304985
1.871000, 1.871000, 0.523914, 1.344086
1.874000, 1.874000, 0.526914, 1.344086
1.879000, 1.879000, 0.569015, 1.304985
1.882000, 1.882000, 0.534914, 1.344086
1.885000, 1.885000, 0.537914, 1.344086
1.889000, 1.889000, 0.589790, 1.295210
1.892000, 1.892000, 0.540026, 1.348974
1.895000, 1.895000, 0.538139, 1.353861
1.899000, 1.899000, 0.531364, 1.363636
1.902000, 1.902000, 0.545139, 1.353861
1.905000, 1.905000, 0.543251, 1.358749
1.909000, 1.909000, 0.541364, 1.363636
1.912000, 1.912000, 0.545364, 1.363636
1.915000, 1.915000, 0.548364, 1.363636
1.920000, 1.920000, 0.546476, 1.368524
1.923000, 1.923000, 0.551476, 1.368524
1.926000, 1.926000, 0.549588, 1.373412
1.930000, 1.930000, 0.547701, 1.378299
1.933000, 1.933000, 0.546813, 1.383187
1.936000, 1.936000, 0.549813, 1.383187
1.940000, 1.940000, 0.543038, 1.392962
1.943000, 1.943000, 0.547038, 1.392962
1.946000, 1.946000, 0.545151, 1.397849
1.949000, 1.949000, 0.543263, 1.402737
1.953000, 1.953000, 0.570701, 1.378299
1.956000, 1.956000, 0.550263, 1.402737
1.959000, 1.959000, 0.553263, 1.402737
1.964000, 1.964000, 0.595364, 1.363636
1.967000, 1.967000, 0.551488, 1.412512
1.970000, 1.970000, 0.549600, 1.417400
1.974000, 1.974000, 0.601476, 1.368524
1.977000, 1.977000, 0.546825, 1.427175
1.980000, 1.980000, 0.544937, 1.432063
1.984000, 1.984000, 0.533275, 1.446725
1.987000, 1.987000, 0.542162, 1.441838
1.990000, 1.990000, 0.540275, 1.446725
1.994000, 1.994000, 0.533500, 1.456500
1.997000, 1.997000, 0.542387, 1.451613
2.000000, 2.000000, 0.540500, 1.456500
2.004000, 2.004000, 0.543500, 1.456500
2.008000, 2.008000, 0.547500, 1.456500
2.011000, 2.011000, 0.546612, 1.461388
2.015000, 2.015000, 0.544724, 1.466276
2.018000, 2.018000, 0.548725, 1.466276
2.021000, 2.021000, 0.546837, 1.471163
2.025000, 2.025000, 0.544949, 1.476051
2.028000, 2.028000, 0.548949, 1.476051
2.031000, 2.031000, 0.547062, 1.480938
2.035000, 2.035000, 0.545174, 1.485826
2.038000, 2.038000, 0.563837, 1.471163
2.041000, 2.041000, 0.547287, 1.490714
2.044000, 2.044000, 0.550286, 1.490714
2.049000, 2.049000, 0.587499, 1.456500
2.052000, 2.052000, 0.553399, 1.495601
2.055000, 2.055000, 0.556399, 1.495601
2.059000, 2.059000, 0.608275, 1.446725
2.062000, 2.062000, 0.553624, 1.505376
2.065000, 2.065000, 0.551736, 1.510264
2.069000, 2.069000, 0.540073, 1.524927
2.072000, 2.072000, 0.548961, 1.520039
2.075000, 2.075000, 0.551961, 1.520039
2.079000, 2.079000, 0.545186, 1.529814
2.082000, 2.082000, 0.554073, 1.524927
2.085000, 2.085000, 0.557073, 1.524927
2.089000, 2.089000, 0.560073, 1.524927
2.093000, 2.093000, 0.564073, 1.524927
2.096000, 2.096000, 0.563186, 1.529814
2.100000, 2.100000, 0.561298, 1.534702
2.103000, 2.103000, 0.560410, 1.539589
2.106000, 2.106000, 0.558523, 1.544477
2.110000, 2.110000, 0.556635, 1.549365
2.113000, 2.113000, 0.560635, 1.549365
2.116000, 2.116000, 0.558748, 1.554252
2.120000, 2.120000, 0.551973, 1.564027
2.123000, 2.123000, 0.570635, 1.549365
2.126000, 2.126000, 0.554085, 1.568915
2.129000, 2.129000, 0.552197, 1.573802
2.134000, 2.134000, 0.589411, 1.539589
2.137000, 2.137000, 0.555310, 1.578690
2.140000, 2.140000, 0.553422, 1.583578
2.144000, 2.144000, 0.605298, 1.534702
2.147000, 2.147000, 0.555535, 1.588465
2.150000, 2.150000, 0.553647, 1.593353
2.154000, 2.154000, 0.546872, 1.603128
2.157000, 2.157000, 0.555760, 1.598240
2.160000, 2.160000, 0.553872, 1.603128
2.164000, 2.164000, 0.547097, 1.612903
2.167000, 2.167000, 0.555984, 1.608016
2.170000, 2.170000, 0.549209, 1.617791
2.174000, 2.174000, 0.552209, 1.617791
2.178000, 2.178000, 0.551322, 1.622678
2.181000, 2.181000, 0.555322, 1.622678
2.185000, 2.185000, 0.553434, 1.627566
2.188000, 2.188000, 0.557434, 1.627566
2.191000, 2.191000, 0.560434, 1.627566
2.195000, 2.195000, 0.558547, 1.632453
2.198000, 2.198000, 0.562546, 1.632453
2.201000, 2.201000, 0.555771, 1.642229
2.205000, 2.205000, 0.553884, 1.647116
2.208000, 2.208000, 0.562771, 1.642229
2.211000, 2.211000, 0.551108, 1.656892
2.214000, 2.214000, 0.549221, 1.661779
2.219000, 2.219000, 0.586434, 1.627566
2.222000, 2.222000, 0.552333, 1.666667
2.225000, 2.225000, 0.555333, 1.666667
2.229000, 2.229000, 0.602322, 1.622678
2.232000, 2.232000, 0.557446, 1.671554
2.235000, 2.235000, 0.560446, 1.671554
2.239000, 2.239000, 0.553670, 1.681329
2.242000, 2.242000, 0.557671, 1.681329
2.245000, 2.245000, 0.560671, 1.681329
2.249000, 2.249000, 0.553895, 1.691105
2.252000, 2.252000, 0.557895, 1.691105
2.255000, 2.255000, 0.560895, 1.691105
2.259000, 2.259000, 0.554120, 1.700880
2.263000, 2.263000, 0.563008, 1.695992
2.266000, 2.266000, 0.557233, 1.705767
2.270000, 2.270000, 0.555345, 1.710655
2.273000, 2.273000, 0.559345, 1.710655
2.276000, 2.276000, 0.557457, 1.715543
2.280000, 2.280000, 0.560457, 1.715543
2.283000, 2.283000, 0.564457, 1.715543
2.286000, 2.286000, 0.562570, 1.720430
2.290000, 2.290000, 0.555795, 1.730205
2.293000, 2.293000, 0.564682, 1.725318
2.296000, 2.296000, 0.557907, 1.735093
2.299000, 2.299000, 0.560907, 1.735093
2.304000, 2.304000, 0.583457, 1.715543
2.307000, 2.307000, 0.554244, 1.749756
2.310000, 2.310000, 0.552357, 1.754643
2.314000, 2.314000, 0.594457, 1.715543
2.317000, 2.317000, 0.554469, 1.759531
2.320000, 2.320000, 0.552582, 1.764418
2.324000, 2.324000, 0.619120, 1.700880
2.327000, 2.327000, 0.554694, 1.769306
2.330000, 2.330000, 0.552806, 1.774194
2.334000, 2.334000, 0.546031, 1.783969
2.337000, 2.337000, 0.554919, 1.779081
2.340000, 2.340000, 0.553031, 1.783969
2.344000, 2.344000, 0.546256, 1.793744
2.348000, 2.348000, 0.550256, 1.793744
2.351000, 2.351000, 0.549369, 1.798632
2.355000, 2.355000, 0.542593, 1.808407
2.358000, 2.358000, 0.546593, 1.808407
2.361000, 2.361000, 0.544706, 1.813294
2.365000, 2.365000, 0.547706, 1.813294
2.368000, 2.368000, 0.551706, 1.813294
2.371000, 2.371000, 0.554706, 1.813294
2.375000, 2.375000, 0.552818, 1.818182
2.378000, 2.378000, 0.561706, 1.813294
2.381000, 2.381000, 0.559818, 1.818182
2.384000, 2.384000, 0.562818, 1.818182
2.388000, 2.388000, 0.585369, 1.798632
2.392000, 2.392000, 0.564931, 1.823069
2.395000, 2.395000, 0.564043, 1.827957
2.399000, 2.399000, 0.606144, 1.788856
2.402000, 2.402000, 0.561268, 1.837732
2.405000, 2.405000, 0.559380, 1.842620
2.409000, 2.409000, 0.616144, 1.788856
2.412000, 2.412000, 0.561493, 1.847507
2.415000, 2.415000, 0.564493, 1.847507
2.419000, 2.419000, 0.557717, 1.857283
2.422000, 2.422000, 0.561717, 1.857283
2.425000, 2.425000, 0.564717, 1.857283
2.429000, 2.429000, 0.562830, 1.862170
2.433000, 2.433000, 0.561942, 1.867058
2.436000, 2.436000, 0.561055, 1.871945
2.440000, 2.440000, 0.554280, 1.881720
2.443000, 2.443000, 0.548504, 1.891496
2.446000, 2.446000, 0.546617, 1.896383
2.450000, 2.450000, 0.544729, 1.901271
2.453000, 2.453000, 0.543842, 1.906158
2.456000, 2.456000, 0.541954, 1.911046
2.460000, 2.460000, 0.535179, 1.920821
2.463000, 2.463000, 0.544067, 1.915933
2.466000, 2.466000, 0.542179, 1.920821
2.470000, 2.470000, 0.545179, 1.920821
2.473000, 2.473000, 0.563842, 1.906158
2.477000, 2.477000, 0.547291, 1.925709
2.480000, 2.480000, 0.551291, 1.925709
2.484000, 2.484000, 0.593392, 1.886608
2.487000, 2.487000, 0.553404, 1.930596
2.490000, 2.490000, 0.556404, 1.930596
2.494000, 2.494000, 0.608280, 1.881720
2.497000, 2.497000, 0.558516, 1.935484
2.500000, 2.500000, 0.561516, 1.935484
2.504000, 2.504000, 0.559629, 1.940371
2.507000, 2.507000, 0.568516, 1.935484
2.510000, 2.510000, 0.566629, 1.940371
2.514000, 2.514000, 0.564741, 1.945259
2.518000, 2.518000, 0.568741, 1.945259
2.521000, 2.521000, 0.572741, 1.945259
2.525000, 2.525000, 0.570853, 1.950147
2.528000, 2.528000, 0.569966, 1.955034
2.531000, 2.531000, 0.568078, 1.959922
2.535000, 2.535000, 0.566190, 1.964809
2.538000, 2.538000, 0.570191, 1.964809
2.541000, 2.541000, 0.563416, 1.974585
2.545000, 2.545000, 0.566415, 1.974585
2.548000, 2.548000, 0.570415, 1.974585
2.551000, 2.551000, 0.563640, 1.984360
2.555000, 2.555000, 0.561753, 1.989247
2.558000, 2.558000, 0.580415, 1.974585
2.562000, 2.562000, 0.558978, 1.999022
2.565000, 2.565000, 0.558090, 2.003910
2.569000, 2.569000, 0.600191, 1.964809
2.572000, 2.572000, 0.560202, 2.008798
2.575000, 2.575000, 0.563202, 2.008798
2.579000, 2.579000, 0.615078, 1.959922
2.582000, 2.582000, 0.560427, 2.018573
2.585000, 2.585000, 0.558540, 2.023460
2.589000, 2.589000, 0.546877, 2.038123
2.592000, 2.592000, 0.550877, 2.038123
2.595000, 2.595000, 0.553877, 2.038123
2.599000, 2.599000, 0.542214, 2.052786
2.603000, 2.603000, 0.551102, 2.047898
2.606000, 2.606000, 0.555102, 2.047898
2.610000, 2.610000, 0.553214, 2.052786
2.613000, 2.613000, 0.557214, 2.052786
2.616000, 2.616000, 0.555326, 2.057673
2.620000, 2.620000, 0.553439, 2.062561
2.623000, 2.623000, 0.562326, 2.057673
2.626000, 2.626000, 0.560439, 2.062561
2.630000, 2.630000, 0.553664, 2.072336
2.633000, 2.633000, 0.557664, 2.072336
2.636000, 2.636000, 0.555776, 2.077224
2.640000, 2.640000, 0.553889, 2.082111
2.643000, 2.643000, 0.567664, 2.072336
2.647000, 2.647000, 0.556001, 2.086999
2.650000, 2.650000, 0.550226, 2.096774
2.654000, 2.654000, 0.587439, 2.062561
2.657000, 2.657000, 0.547451, 2.106549
2.660000, 2.660000, 0.545563, 2.111437
2.664000, 2.664000, 0.592551, 2.067449
2.667000, 2.667000, 0.547675, 2.116325
2.670000, 2.670000, 0.545788, 2.121212
2.674000, 2.674000, 0.543900, 2.126100
2.677000, 2.677000, 0.547900, 2.126100
2.680000, 2.680000, 0.550900, 2.126100
2.684000, 2.684000, 0.544125, 2.135875
2.688000, 2.688000, 0.553013, 2.130987
2.691000, 2.691000, 0.552125, 2.135875
2.695000, 2.695000, 0.550237, 2.140763
2.698000, 2.698000, 0.554237, 2.140763
2.701000, 2.701000, 0.552350, 2.145650
2.705000, 2.705000, 0.550462, 2.150538
2.708000, 2.708000, 0.554462, 2.150538
2.711000, 2.711000, 0.557462, 2.150538
2.715000, 2.715000, 0.555575, 2.155425
2.718000, 2.718000, 0.554687, 2.160313
2.721000, 2.721000, 0.547912, 2.170088
2.725000, 2.725000, 0.546024, 2.174976
2.728000, 2.728000, 0.559799, 2.165200
2.732000, 2.732000, 0.548137, 2.179863
2.735000, 2.735000, 0.552137, 2.179863
2.739000, 2.739000, 0.579575, 2.155425
2.742000, 2.742000, 0.549362, 2.189638
2.745000, 2.745000, 0.547474, 2.194526
2.749000, 2.749000, 0.594462, 2.150538
2.752000, 2.752000, 0.554474, 2.194526
2.755000, 2.755000, 0.552587, 2.199414
2.759000, 2.759000, 0.619125, 2.135875
2.762000, 2.762000, 0.554699, 2.204301
2.765000, 2.765000, 0.552811, 2.209189
2.769000, 2.769000, 0.546036, 2.218964
2.772000, 2.772000, 0.550036, 2.218964
2.776000, 2.776000, 0.553036, 2.218964
2.780000, 2.780000, 0.552149, 2.223851
2.783000, 2.783000, 0.556149, 2.223851
2.786000, 2.786000, 0.554261, 2.228739
2.790000, 2.790000, 0.552373, 2.233627
2.793000, 2.793000, 0.551486, 2.238514
2.796000, 2.796000, 0.554486, 2.238514
2.800000, 2.800000, 0.552598, 2.243402
2.803000, 2.803000, 0.556598, 2.243402
2.806000, 2.806000, 0.559598, 2.243402
2.810000, 2.810000, 0.557711, 2.248289
2.813000, 2.813000, 0.566598, 2.243402
2.817000, 2.817000, 0.559823, 2.253177
2.820000, 2.820000, 0.558935, 2.258065
2.824000, 2.824000, 0.581486, 2.238514
2.827000, 2.827000, 0.556160, 2.267840
2.830000, 2.830000, 0.549385, 2.277615
2.834000, 2.834000, 0.591486, 2.238514
2.837000, 2.837000, 0.541723, 2.292278
2.840000, 2.840000, 0.534947, 2.302053
2.844000, 2.844000, 0.591711, 2.248289
2.847000, 2.847000, 0.537060, 2.306940
2.850000, 2.850000, 0.540060, 2.306940
2.854000, 2.854000, 0.538172, 2.311828
2.857000, 2.857000, 0.547060, 2.306940
2.861000, 2.861000, 0.550060, 2.306940
2.865000, 2.865000, 0.549172, 2.311828
2.868000, 2.868000, 0.553172, 2.311828
2.871000, 2.871000, 0.556172, 2.311828
2.875000, 2.875000, 0.554285, 2.316715
2.878000, 2.878000, 0.558285, 2.316715
2.881000, 2.881000, 0.561285, 2.316715
2.885000, 2.885000, 0.554509, 2.326491
2.888000, 2.888000, 0.558509, 2.326491
2.891000, 2.891000, 0.551734, 2.336266
2.895000, 2.895000, 0.554734, 2.336266
2.898000, 2.898000, 0.553847, 2.341153
2.902000, 2.902000, 0.556847, 2.341153
2.906000, 2.906000, 0.555959, 2.346041
2.909000, 2.909000, 0.579509, 2.326491
2.912000, 2.912000, 0.553184, 2.355816
2.915000, 2.915000, 0.551296, 2.360704
2.919000, 2.919000, 0.588509, 2.326491
2.922000, 2.922000, 0.548521, 2.370479
2.925000, 2.925000, 0.541746, 2.380254
2.929000, 2.929000, 0.588734, 2.336266
2.932000, 2.932000, 0.529196, 2.399804
2.935000, 2.935000, 0.532196, 2.399804
2.939000, 2.939000, 0.525420, 2.409580
2.942000, 2.942000, 0.529420, 2.409580
2.946000, 2.946000, 0.527533, 2.414467
2.950000, 2.950000, 0.526645, 2.419355
2.953000, 2.953000, 0.530645, 2.419355
2.956000, 2.956000, 0.533645, 2.419355
2.960000, 2.960000, 0.531758, 2.424242
2.963000, 2.963000, 0.535758, 2.424242
2.966000, 2.966000, 0.533870, 2.429130
2.970000, 2.970000, 0.531982, 2.434018
2.973000, 2.973000, 0.535982, 2.434018
2.976000, 2.976000, 0.538982, 2.434018
2.980000, 2.980000, 0.537095, 2.438905
2.983000, 2.983000, 0.541095, 2.438905
2.987000, 2.987000, 0.539207, 2.443793
2.991000, 2.991000, 0.543207, 2.443793
2.994000, 2.994000, 0.552095, 2.438905
2.997000, 2.997000, 0.545320, 2.448680
3.000000, 3.000000, 0.543432, 2.453568
3.004000, 3.004000, 0.570870, 2.429130
3.007000, 3.007000, 0.545544, 2.458456
3.010000, 3.010000, 0.543657, 2.463343
3.014000, 3.014000, 0.590645, 2.419355
3.017000, 3.017000, 0.545769, 2.468231
3.020000, 3.020000, 0.538994, 2.478006
3.024000, 3.024000, 0.532219, 2.487781
3.027000, 3.027000, 0.536219, 2.487781
3.031000, 3.031000, 0.534331, 2.492669
3.035000, 3.035000, 0.533444, 2.497556
3.038000, 3.038000, 0.537444, 2.497556
3.041000, 3.041000, 0.535556, 2.502444
3.045000, 3.045000, 0.533669, 2.507331
3.048000, 3.048000, 0.537669, 2.507331
3.051000, 3.051000, 0.535781, 2.512219
3.055000, 3.055000, 0.538781, 2.512219
3.058000, 3.058000, 0.542781, 2.512219
3.061000, 3.061000, 0.540894, 2.517107
3.065000, 3.065000, 0.539006, 2.521994
3.068000, 3.068000, 0.543006, 2.521994
3.072000, 3.072000, 0.541118, 2.526882
3.076000, 3.076000, 0.540231, 2.531769
3.079000, 3.079000, 0.549118, 2.526882
3.082000, 3.082000, 0.542343, 2.536657
3.085000, 3.085000, 0.540456, 2.541544
3.089000, 3.089000, 0.558118, 2.526882
3.092000, 3.092000, 0.537680, 2.551320
3.095000, 3.095000, 0.535793, 2.556207
3.099000, 3.099000, 0.582781, 2.512219
3.102000, 3.102000, 0.533018, 2.565982
3.105000, 3.105000, 0.536018, 2.565982
3.109000, 3.109000, 0.534130, 2.570870
3.112000, 3.112000, 0.538130, 2.570870
3.116000, 3.116000, 0.536242, 2.575758
3.120000, 3.120000, 0.540242, 2.575758
3.123000, 3.123000, 0.544242, 2.575758
3.126000, 3.126000, 0.542355, 2.580645
3.130000, 3.130000, 0.540467, 2.585533
3.133000, 3.133000, 0.539580, 2.590420
3.136000, 3.136000, 0.542580, 2.590420
3.140000, 3.140000, 0.540692, 2.595308
3.143000, 3.143000, 0.539805, 2.600195
3.146000, 3.146000, 0.537917, 2.605083
3.150000, 3.150000, 0.536029, 2.609971
3.153000, 3.153000, 0.540030, 2.609971
3.156000, 3.156000, 0.533254, 2.619746
3.161000, 3.161000, 0.531367, 2.624633
3.164000, 3.164000, 0.541254, 2.619746
3.167000, 3.167000, 0.534479, 2.629521
3.170000, 3.170000, 0.532592, 2.634408
3.174000, 3.174000, 0.564917, 2.605083
3.177000, 3.177000, 0.529816, 2.644184
3.180000, 3.180000, 0.523041, 2.653959
3.184000, 3.184000, 0.570029, 2.609971
3.187000, 3.187000, 0.525153, 2.658847
3.190000, 3.190000, 0.523266, 2.663734
3.194000, 3.194000, 0.580029, 2.609971
3.197000, 3.197000, 0.520491, 2.673509
3.201000, 3.201000, 0.523491, 2.673509
3.205000, 3.205000, 0.522603, 2.678397
3.208000, 3.208000, 0.526603, 2.678397
3.211000, 3.211000, 0.524715, 2.683285
3.215000, 3.215000, 0.527715, 2.683285
3.218000, 3.218000, 0.526828, 2.688172
3.221000, 3.221000, 0.524940, 2.693060
3.225000, 3.225000, 0.523053, 2.697947
3.228000, 3.228000, 0.527053, 2.697947
3.231000, 3.231000, 0.520278, 2.707722
3.235000, 3.235000, 0.523278, 2.707722
3.238000, 3.238000, 0.527277, 2.707722
3.241000, 3.241000, 0.525390, 2.712610
3.246000, 3.246000, 0.523502, 2.717498
3.249000, 3.249000, 0.533390, 2.712610
3.252000, 3.252000, 0.531502, 2.717498
3.255000, 3.255000, 0.529615, 2.722385
3.259000, 3.259000, 0.557053, 2.697947
3.262000, 3.262000, 0.531727, 2.727273
3.265000, 3.265000, 0.529840, 2.732160
3.269000, 3.269000, 0.576828, 2.688172
3.272000, 3.272000, 0.531952, 2.737048
3.275000, 3.275000, 0.534952, 2.737048
3.279000, 3.279000, 0.591716, 2.683285
3.282000, 3.282000, 0.537065, 2.741935
3.286000, 3.286000, 0.535177, 2.746823
3.290000, 3.290000, 0.534289, 2.751711
3.293000, 3.293000, 0.538289, 2.751711
3.296000, 3.296000, 0.536402, 2.756598
3.300000, 3.300000, 0.539402, 2.756598
3.303000, 3.303000, 0.538514, 2.761486
3.306000, 3.306000, 0.536627, 2.766373
3.310000, 3.310000, 0.529851, 2.776149
3.313000, 3.313000, 0.533851, 2.776149
3.316000, 3.316000, 0.531964, 2.781036
3.320000, 3.320000, 0.530076, 2.785924
3.323000, 3.323000, 0.534076, 2.785924
3.326000, 3.326000, 0.537076, 2.785924
3.331000, 3.331000, 0.535189, 2.790811
3.334000, 3.334000, 0.540189, 2.790811
3.337000, 3.337000, 0.538301, 2.795699
3.341000, 3.341000, 0.536413, 2.800586
3.344000, 3.344000, 0.540414, 2.800586
3.347000, 3.347000, 0.538526, 2.805474
3.350000, 3.350000, 0.531751, 2.815249
3.354000, 3.354000, 0.544526, 2.805474
3.357000, 3.357000, 0.524088, 2.829912
3.360000, 3.360000, 0.522201, 2.834800
3.364000, 3.364000, 0.578964, 2.781036
3.367000, 3.367000, 0.529201, 2.834800
3.371000, 3.371000, 0.527313, 2.839687
3.375000, 3.375000, 0.526425, 2.844575
3.378000, 3.378000, 0.530425, 2.844575
3.381000, 3.381000, 0.528538, 2.849462
3.385000, 3.385000, 0.531538, 2.849462
3.388000, 3.388000, 0.535538, 2.849462
3.391000, 3.391000, 0.528763, 2.859237
3.395000, 3.395000, 0.531763, 2.859237
3.398000, 3.398000, 0.535763, 2.859237
3.401000, 3.401000, 0.533875, 2.864125
3.405000, 3.405000, 0.527100, 2.873900
3.408000, 3.408000, 0.531100, 2.873900
3.411000, 3.411000, 0.529212, 2.878788
3.416000, 3.416000, 0.527325, 2.883675
3.419000, 3.419000, 0.537212, 2.878788
3.422000, 3.422000, 0.535325, 2.883675
3.426000, 3.426000, 0.533437, 2.888563
3.429000, 3.429000, 0.547212, 2.878788
3.432000, 3.432000, 0.535549, 2.893450
3.435000, 3.435000, 0.533662, 2.898338
3.439000, 3.439000, 0.565987, 2.869013
3.442000, 3.442000, 0.530887, 2.908113
3.445000, 3.445000, 0.528999, 2.913001
3.449000, 3.449000, 0.575987, 2.869013
3.452000, 3.452000, 0.526224, 2.922776
3.456000, 3.456000, 0.529224, 2.922776
3.460000, 3.460000, 0.528337, 2.927664
3.463000, 3.463000, 0.522561, 2.937439
3.466000, 3.466000, 0.520674, 2.942326
3.470000, 3.470000, 0.518786, 2.947214
3.473000, 3.473000, 0.522786, 2.947214
3.476000, 3.476000, 0.520899, 2.952101
3.480000, 3.480000, 0.519011, 2.956989
3.483000, 3.483000, 0.523011, 2.956989
3.486000, 3.486000, 0.526011, 2.956989
3.490000, 3.490000, 0.524123, 2.961877
3.493000, 3.493000, 0.528123, 2.961877
3.496000, 3.496000, 0.526236, 2.966764
3.501000, 3.501000, 0.529236, 2.966764
3.504000, 3.504000, 0.534236, 2.966764
3.507000, 3.507000, 0.532348, 2.971652
3.511000, 3.511000, 0.530460, 2.976540
3.514000, 3.514000, 0.539348, 2.971652
3.517000, 3.517000, 0.527685, 2.986315
3.520000, 3.520000, 0.525798, 2.991202
3.524000, 3.524000, 0.558123, 2.961877
3.527000, 3.527000, 0.523022, 3.000978
3.530000, 3.530000, 0.521135, 3.005865
3.534000, 3.534000, 0.568123, 2.961877
3.537000, 3.537000, 0.518360, 3.015640
3.540000, 3.540000, 0.521360, 3.015640
3.545000, 3.545000, 0.592786, 2.947214
3.548000, 3.548000, 0.524472, 3.020528
3.551000, 3.551000, 0.522585, 3.025415
3.555000, 3.555000, 0.520697, 3.030303
3.558000, 3.558000, 0.519809, 3.035191
3.561000, 3.561000, 0.517922, 3.040078
3.565000, 3.565000, 0.511147, 3.049853
3.568000, 3.568000, 0.520034, 3.044966
3.571000, 3.571000, 0.518147, 3.049853
3.575000, 3.575000, 0.516259, 3.054741
3.578000, 3.578000, 0.520259, 3.054741
3.581000, 3.581000, 0.518372, 3.059628
3.586000, 3.586000, 0.516484, 3.064516
3.589000, 3.589000, 0.521484, 3.064516
3.592000, 3.592000, 0.519596, 3.069404
3.596000, 3.596000, 0.517709, 3.074291
3.599000, 3.599000, 0.531484, 3.064516
3.602000, 3.602000, 0.519821, 3.079179
3.605000, 3.605000, 0.522821, 3.079179
3.609000, 3.609000, 0.550259, 3.054741
3.612000, 3.612000, 0.520046, 3.088954
3.615000, 3.615000, 0.518158, 3.093842
3.619000, 3.619000, 0.570034, 3.044966
3.622000, 3.622000, 0.520271, 3.098729
3.625000, 3.625000, 0.518383, 3.103617
3.630000, 3.630000, 0.580034, 3.044966
3.633000, 3.633000, 0.521496, 3.108504
3.636000, 3.636000, 0.514720, 3.118279
3.640000, 3.640000, 0.517720, 3.118279
3.643000, 3.643000, 0.516833, 3.123167
3.646000, 3.646000, 0.519833, 3.123167
3.650000, 3.650000, 0.517945, 3.128055
3.653000, 3.653000, 0.521945, 3.128055
3.656000, 3.656000, 0.520058, 3.132942
3.660000, 3.660000, 0.518170, 3.137830
3.663000, 3.663000, 0.522170, 3.137830
3.666000, 3.666000, 0.525170, 3.137830
3.671000, 3.671000, 0.523283, 3.142717
3.674000, 3.674000, 0.528283, 3.142717
3.677000, 3.677000, 0.521508, 3.152493
3.681000, 3.681000, 0.519620, 3.157380
3.684000, 3.684000, 0.528507, 3.152493
3.687000, 3.687000, 0.526620, 3.157380
3.690000, 3.690000, 0.519845, 3.167155
3.694000, 3.694000, 0.547283, 3.142717
3.697000, 3.697000, 0.526845, 3.167155
3.700000, 3.700000, 0.524957, 3.172043
3.704000, 3.704000, 0.567058, 3.132942
3.707000, 3.707000, 0.522182, 3.181818
3.710000, 3.710000, 0.520294, 3.186706
3.715000, 3.715000, 0.581945, 3.128055
3.718000, 3.718000, 0.523407, 3.191593
3.721000, 3.721000, 0.526407, 3.191593
3.725000, 3.725000, 0.524519, 3.196481
3.728000, 3.728000, 0.523632, 3.201368
3.731000, 3.731000, 0.516856, 3.211143
3.735000, 3.735000, 0.519856, 3.211143
3.738000, 3.738000, 0.518969, 3.216031
3.741000, 3.741000, 0.517081, 3.220919
3.745000, 3.745000, 0.515194, 3.225806
3.748000, 3.748000, 0.519194, 3.225806
3.751000, 3.751000, 0.517306, 3.230694
3.756000, 3.756000, 0.520306, 3.230694
3.759000, 3.759000, 0.530194, 3.225806
3.762000, 3.762000, 0.528306, 3.230694
3.766000, 3.766000, 0.526419, 3.235581
3.769000, 3.769000, 0.530419, 3.235581
3.772000, 3.772000, 0.528531, 3.240469
3.776000, 3.776000, 0.526644, 3.245357
3.779000, 3.779000, 0.550194, 3.225806
3.782000, 3.782000, 0.528756, 3.250244
3.785000, 3.785000, 0.526868, 3.255132
3.789000, 3.789000, 0.568969, 3.216031
3.792000, 3.792000, 0.524093, 3.264907
3.795000, 3.795000, 0.527093, 3.264907
3.800000, 3.800000, 0.583857, 3.211143
3.803000, 3.803000, 0.525318, 3.274682
3.806000, 3.806000, 0.518542, 3.284458
3.810000, 3.810000, 0.521542, 3.284458
3.813000, 3.813000, 0.515767, 3.294233
3.816000, 3.816000, 0.518767, 3.294233
3.820000, 3.820000, 0.521767, 3.294233
3.823000, 3.823000, 0.520880, 3.299120
3.826000, 3.826000, 0.523880, 3.299120
3.830000, 3.830000, 0.521992, 3.304008
3.833000, 3.833000, 0.525992, 3.304008
3.836000, 3.836000, 0.528992, 3.304008
3.841000, 3.841000, 0.527104, 3.308896
3.844000, 3.844000, 0.532104, 3.308896
3.847000, 3.847000, 0.535105, 3.308896
3.851000, 3.851000, 0.533217, 3.313783
3.854000, 3.854000, 0.537217, 3.313783
3.857000, 3.857000, 0.530442, 3.323558
3.861000, 3.861000, 0.528554, 3.328446
3.864000, 3.864000, 0.542329, 3.318671
3.867000, 3.867000, 0.525779, 3.338221
3.870000, 3.870000, 0.519004, 3.347996
3.874000, 3.874000, 0.556217, 3.313783
3.877000, 3.877000, 0.521116, 3.352884
3.880000, 3.880000, 0.519229, 3.357771
3.885000, 3.885000, 0.571105, 3.308896
3.888000, 3.888000, 0.522341, 3.362659
3.891000, 3.891000, 0.525341, 3.362659
3.895000, 3.895000, 0.528341, 3.362659
3.898000, 3.898000, 0.522566, 3.372434
3.901000, 3.901000, 0.520678, 3.377322
3.905000, 3.905000, 0.523678, 3.377322
3.908000, 3.908000, 0.517903, 3.387097
3.911000, 3.911000, 0.516016, 3.391984
3.915000, 3.915000, 0.514128, 3.396872
3.918000, 3.918000, 0.513240, 3.401760
3.921000, 3.921000, 0.516240, 3.401760
3.926000, 3.926000, 0.509465, 3.411535
3.929000, 3.929000, 0.514465, 3.411535
3.932000, 3.932000, 0.507690, 3.421310
3.936000, 3.936000, 0.505802, 3.426198
3.939000, 3.939000, 0.509803, 3.426198
3.942000, 3.942000, 0.507915, 3.431085
3.946000, 3.946000, 0.506027, 3.435973
3.949000, 3.949000, 0.514915, 3.431085
3.952000, 3.952000, 0.508140, 3.440860
3.955000, 3.955000, 0.506252, 3.445748
3.959000, 3.959000, 0.533690, 3.421310
3.962000, 3.962000, 0.508365, 3.450635
3.965000, 3.965000, 0.506477, 3.455523
3.970000, 3.970000, 0.553465, 3.411535
3.973000, 3.973000, 0.509589, 3.460411
3.976000, 3.976000, 0.507702, 3.465298
3.980000, 3.980000, 0.574240, 3.401760
3.983000, 3.983000, 0.509814, 3.470186
3.986000, 3.986000, 0.507927, 3.475073
3.990000, 3.990000, 0.510927, 3.475073
3.993000, 3.993000, 0.510039, 3.479961
3.996000, 3.996000, 0.513039, 3.479961
4.000000, 4.000000, 0.511152, 3.484848
4.003000, 4.003000, 0.515152, 3.484848
4.006000, 4.006000, 0.513264, 3.489736
4.011000, 4.011000, 0.511376, 3.494624
4.014000, 4.014000, 0.516376, 3.494624
4.017000, 4.017000, 0.514489, 3.499511
4.021000, 4.021000, 0.512601, 3.504399
4.024000, 4.024000, 0.511714, 3.509286
4.027000, 4.027000, 0.509826, 3.514174
4.031000, 4.031000, 0.503051, 3.523949
4.034000, 4.034000, 0.507051, 3.523949
4.037000, 4.037000, 0.505163, 3.528837
4.040000, 4.040000, 0.503276, 3.533724
4.044000, 4.044000, 0.520938, 3.519062
4.047000, 4.047000, 0.505388, 3.538612
4.050000, 4.050000, 0.508388, 3.538612
4.055000, 4.055000, 0.530939, 3.519062
4.058000, 4.058000, 0.511500, 3.543499
4.061000, 4.061000, 0.509613, 3.548387
4.065000, 4.065000, 0.571264, 3.489736
4.068000, 4.068000, 0.506838, 3.558162
4.071000, 4.071000, 0.500062, 3.567937
4.075000, 4.075000, 0.507950, 3.563050
4.078000, 4.078000, 0.502175, 3.572825
4.081000, 4.081000, 0.500288, 3.577713
4.085000, 4.085000, 0.503287, 3.577713
4.088000, 4.088000, 0.497512, 3.587488
4.091000, 4.091000, 0.495625, 3.592375
4.096000, 4.096000, 0.493737, 3.597263
4.099000, 4.099000, 0.498737, 3.597263
4.102000, 4.102000, 0.501737, 3.597263
4.106000, 4.106000, 0.499850, 3.602151
4.109000, 4.109000, 0.503849, 3.602151
4.112000, 4.112000, 0.497074, 3.611926
4.116000, 4.116000, 0.495187, 3.616813
4.119000, 4.119000, 0.499187, 3.616813
4.122000, 4.122000, 0.492411, 3.626589
4.126000, 4.126000, 0.490524, 3.631476
4.129000, 4.129000, 0.514074, 3.611926
4.132000, 4.132000, 0.492636, 3.636364
4.135000, 4.135000, 0.490749, 3.641251
4.140000, 4.140000, 0.537737, 3.597263
4.143000, 4.143000, 0.493861, 3.646139
4.146000, 4.146000, 0.491974, 3.651026
4.150000, 4.150000, 0.558512, 3.587488
4.153000, 4.153000, 0.494086, 3.655914
4.156000, 4.156000, 0.497086, 3.655914
4.160000, 4.160000, 0.500086, 3.655914
4.163000, 4.163000, 0.499198, 3.660802
4.166000, 4.166000, 0.497311, 3.665689
4.170000, 4.170000, 0.490535, 3.675464
4.173000, 4.173000, 0.494536, 3.675464
4.176000, 4.176000, 0.497535, 3.675464
4.180000, 4.180000, 0.490761, 3.685240
4.184000, 4.184000, 0.494760, 3.685240
4.187000, 4.187000, 0.498760, 3.685240
4.191000, 4.191000, 0.491985, 3.695015
4.194000, 4.194000, 0.500873, 3.690127
4.197000, 4.197000, 0.498985, 3.695015
4.201000, 4.201000, 0.497098, 3.699902
4.204000, 4.204000, 0.505985, 3.695015
4.207000, 4.207000, 0.504098, 3.699902
4.211000, 4.211000, 0.502210, 3.704790
4.214000, 4.214000, 0.515985, 3.695015
4.217000, 4.217000, 0.504323, 3.709677
4.220000, 4.220000, 0.502435, 3.714565
4.225000, 4.225000, 0.539648, 3.680352
4.228000, 4.228000, 0.500660, 3.724340
4.231000, 4.231000, 0.498772, 3.729228
4.235000, 4.235000, 0.555536, 3.675464
4.238000, 4.238000, 0.495997, 3.739003
4.241000, 4.241000, 0.489222, 3.748778
4.245000, 4.245000, 0.497110, 3.743891
4.248000, 4.248000, 0.491334, 3.753666
4.251000, 4.251000, 0.489447, 3.758553
4.255000, 4.255000, 0.497334, 3.753666
4.258000, 4.258000, 0.491559, 3.763441
4.261000, 4.261000, 0.489671, 3.768328
4.265000, 4.265000, 0.487784, 3.773216
4.269000, 4.269000, 0.491784, 3.773216
4.272000, 4.272000, 0.495784, 3.773216
4.276000, 4.276000, 0.489009, 3.782991
4.279000, 4.279000, 0.493009, 3.782991
4.282000, 4.282000, 0.496009, 3.782991
4.286000, 4.286000, 0.494121, 3.787879
4.289000, 4.289000, 0.498121, 3.787879
4.292000, 4.292000, 0.496234, 3.792766
4.296000, 4.296000, 0.494346, 3.797654
4.299000, 4.299000, 0.508121, 3.787879
4.302000, 4.302000, 0.496458, 3.802541
4.305000, 4.305000, 0.489683, 3.812317
4.310000, 4.310000, 0.526896, 3.778104
4.313000, 4.313000, 0.492796, 3.817204
4.316000, 4.316000, 0.495796, 3.817204
4.320000, 4.320000, 0.547672, 3.768328
4.323000, 4.323000, 0.493021, 3.826979
4.326000, 4.326000, 0.491133, 3.831867
4.330000, 4.330000, 0.499021, 3.826979
4.333000, 4.333000, 0.493245, 3.836755
4.336000, 4.336000, 0.491358, 3.841642
4.340000, 4.340000, 0.494358, 3.841642
4.343000, 4.343000, 0.488583, 3.851417
4.346000, 4.346000, 0.486695, 3.856305
4.350000, 4.350000, 0.484808, 3.861192
4.354000, 4.354000, 0.488807, 3.861192
4.357000, 4.357000, 0.487920, 3.866080
4.361000, 4.361000, 0.486032, 3.870968
4.364000, 4.364000, 0.485145, 3.875855
4.367000, 4.367000, 0.483257, 3.880743
4.371000, 4.371000, 0.476482, 3.890518
4.374000, 4.374000, 0.485369, 3.885630
4.377000, 4.377000, 0.478595, 3.895406
4.381000, 4.381000, 0.476707, 3.900293
4.384000, 4.384000, 0.485595, 3.895406
4.387000, 4.387000, 0.478819, 3.905181
4.390000, 4.390000, 0.476932, 3.910069
4.395000, 4.395000, 0.504369, 3.885630
4.398000, 4.398000, 0.480044, 3.914956
4.401000, 4.401000, 0.478156, 3.919844
4.405000, 4.405000, 0.525145, 3.875855
4.408000, 4.408000, 0.480269, 3.924731
4.411000, 4.411000, 0.478381, 3.929619
4.415000, 4.415000, 0.544920, 3.866080
4.418000, 4.418000, 0.480494, 3.934506
4.421000, 4.421000, 0.478606, 3.939394
4.425000, 4.425000, 0.486494, 3.934506
4.428000, 4.428000, 0.480719, 3.944282
4.431000, 4.431000, 0.478831, 3.949169
4.435000, 4.435000, 0.481831, 3.949169
4.439000, 4.439000, 0.476056, 3.958944
4.442000, 4.442000, 0.480056, 3.958944
4.446000, 4.446000, 0.473280, 3.968719
4.449000, 4.449000, 0.477281, 3.968719
4.452000, 4.452000, 0.470505, 3.978495
4.456000, 4.456000, 0.468618, 3.983382
4.459000, 4.459000, 0.472618, 3.983382
4.462000, 4.462000, 0.470730, 3.988270
4.466000, 4.466000, 0.463955, 3.998045
4.469000, 4.469000, 0.472843, 3.993157
4.472000, 4.472000, 0.470955, 3.998045
4.475000, 4.475000, 0.469068, 4.002933
4.480000, 4.480000, 0.491618, 3.983382
4.483000, 4.483000, 0.472180, 4.007820
4.486000, 4.486000, 0.470292, 4.012708
4.490000, 4.490000, 0.517281, 3.968719
4.493000, 4.493000, 0.472404, 4.017595
4.496000, 4.496000, 0.470517, 4.022483
4.500000, 4.500000, 0.532168, 3.963832
4.503000, 4.503000, 0.472630, 4.027370
4.506000, 4.506000, 0.475629, 4.027370
4.510000, 4.510000, 0.478630, 4.027370
4.513000, 4.513000, 0.472855, 4.037146
4.516000, 4.516000, 0.470967, 4.042033
4.520000, 4.520000, 0.469079, 4.046921
4.524000, 4.524000, 0.463304, 4.056696
4.527000, 4.527000, 0.467304, 4.056696
4.531000, 4.531000, 0.465416, 4.061584
4.534000, 4.534000, 0.469417, 4.061584
4.537000, 4.537000, 0.467529, 4.066471
4.541000, 4.541000, 0.460754, 4.076246
4.544000, 4.544000, 0.464754, 4.076246
4.547000, 4.547000, 0.462866, 4.081134
4.551000, 4.551000, 0.456091, 4.090909
4.554000, 4.554000, 0.460091, 4.090909
4.557000, 4.557000, 0.458203, 4.095797
4.560000, 4.560000, 0.451428, 4.105572
4.564000, 4.564000, 0.469091, 4.090909
4.568000, 4.568000, 0.448653, 4.115347
4.571000, 4.571000, 0.452653, 4.115347
4.575000, 4.575000, 0.494754, 4.076246
4.578000, 4.578000, 0.454765, 4.120234
4.581000, 4.581000, 0.452878, 4.125122
4.585000, 4.585000, 0.519416, 4.061584
4.588000, 4.588000, 0.454990, 4.130010
4.591000, 4.591000, 0.453103, 4.134897
4.595000, 4.595000, 0.460990, 4.130010
4.598000, 4.598000, 0.450327, 4.144672
4.601000, 4.601000, 0.453328, 4.144672
4.605000, 4.605000, 0.456327, 4.144672
4.609000, 4.609000, 0.450552, 4.154448
4.612000, 4.612000, 0.449665, 4.159335
4.616000, 4.616000, 0.452665, 4.159335
4.619000, 4.619000, 0.451777, 4.164223
4.622000, 4.622000, 0.454777, 4.164223
4.626000, 4.626000, 0.452890, 4.169110
4.629000, 4.629000, 0.452002, 4.173998
4.632000, 4.632000, 0.455002, 4.173998
4.636000, 4.636000, 0.453115, 4.178885
4.639000, 4.639000, 0.457115, 4.178885
4.642000, 4.642000, 0.455227, 4.183773
4.646000, 4.646000, 0.453340, 4.188661
4.649000, 4.649000, 0.467114, 4.178885
4.653000, 4.653000, 0.455452, 4.193548
4.656000, 4.656000, 0.459452, 4.193548
4.660000, 4.660000, 0.491777, 4.164223
4.663000, 4.663000, 0.461564, 4.198436
4.666000, 4.666000, 0.459677, 4.203323
4.670000, 4.670000, 0.501777, 4.164223
4.673000, 4.673000, 0.461789, 4.208211
4.676000, 4.676000, 0.459901, 4.213099
4.680000, 4.680000, 0.472677, 4.203323
4.683000, 4.683000, 0.462014, 4.217986
4.686000, 4.686000, 0.465014, 4.217986
4.690000, 4.690000, 0.463126, 4.222874
4.694000, 4.694000, 0.462238, 4.227762
4.697000, 4.697000, 0.461350, 4.232649
4.701000, 4.701000, 0.459463, 4.237537
4.704000, 4.704000, 0.458576, 4.242424
4.707000, 4.707000, 0.461576, 4.242424
4.711000, 4.711000, 0.454800, 4.252200
4.714000, 4.714000, 0.453913, 4.257087
4.717000, 4.717000, 0.452025, 4.261975
4.721000, 4.721000, 0.455025, 4.261975
4.724000, 4.724000, 0.454138, 4.266862
4.727000, 4.727000, 0.452250, 4.271750
4.731000, 4.731000, 0.450363, 4.276638
4.734000, 4.734000, 0.454362, 4.276638
4.738000, 4.738000, 0.452475, 4.281525
4.741000, 4.741000, 0.456475, 4.281525
4.745000, 4.745000, 0.488801, 4.252200
4.748000, 4.748000, 0.458587, 4.286413
4.751000, 4.751000, 0.461587, 4.286413
4.755000, 4.755000, 0.513463, 4.237537
4.758000, 4.758000, 0.463700, 4.291300
4.761000, 4.761000, 0.466700, 4.291300
4.765000, 4.765000, 0.538126, 4.222874
4.768000, 4.768000, 0.463924, 4.301075
4.771000, 4.771000, 0.466925, 4.301075
4.775000, 4.775000, 0.479700, 4.291300
4.779000, 4.779000, 0.469037, 4.305963
4.782000, 4.782000, 0.468149, 4.310851
4.786000, 4.786000, 0.471149, 4.310851
4.789000, 4.789000, 0.465374, 4.320626
4.792000, 4.792000, 0.468374, 4.320626
4.796000, 4.796000, 0.466486, 4.325513
4.799000, 4.799000, 0.465599, 4.330401
4.802000, 4.802000, 0.458824, 4.340176
4.806000, 4.806000, 0.452049, 4.349951
4.809000, 4.809000, 0.456049, 4.349951
4.812000, 4.812000, 0.449274, 4.359726
4.816000, 4.816000, 0.447386, 4.364614
4.819000, 4.819000, 0.456274, 4.359726
4.823000, 4.823000, 0.454386, 4.364614
4.826000, 4.826000, 0.453498, 4.369502
4.830000, 4.830000, 0.480937, 4.345064
4.833000, 4.833000, 0.455611, 4.374389
4.836000, 4.836000, 0.458611, 4.374389
4.840000, 4.840000, 0.505599, 4.330401
4.843000, 4.843000, 0.460723, 4.379277
4.846000, 4.846000, 0.463723, 4.379277
4.850000, 4.850000, 0.525374, 4.320626
4.853000, 4.853000, 0.460948, 4.389052
4.856000, 4.856000, 0.468836, 4.384164
4.860000, 4.860000, 0.476723, 4.379277
4.864000, 4.864000, 0.470948, 4.389052
4.867000, 4.867000, 0.474948, 4.389052
4.871000, 4.871000, 0.487723, 4.379277
4.874000, 4.874000, 0.477060, 4.393939
4.877000, 4.877000, 0.480061, 4.393939
4.881000, 4.881000, 0.478173, 4.398827
4.884000, 4.884000, 0.477285, 4.403715
4.887000, 4.887000, 0.480285, 4.403715
4.891000, 4.891000, 0.478398, 4.408602
4.894000, 4.894000, 0.482398, 4.408602
4.897000, 4.897000, 0.480510, 4.413490
4.901000, 4.901000, 0.478622, 4.418377
4.904000, 4.904000, 0.482623, 4.418377
4.908000, 4.908000, 0.470960, 4.433040
4.911000, 4.911000, 0.470072, 4.437928
4.915000, 4.915000, 0.492622, 4.418377
4.918000, 4.918000, 0.467297, 4.447703
4.921000, 4.921000, 0.465410, 4.452590
4.925000, 4.925000, 0.507510, 4.413490
4.928000, 4.928000, 0.462635, 4.462366
4.931000, 4.931000, 0.465634, 4.462366
4.935000, 4.935000, 0.527286, 4.403715
4.938000, 4.938000, 0.467747, 4.467253
4.941000, 4.941000, 0.470747, 4.467253
4.945000, 4.945000, 0.478634, 4.462366
4.948000, 4.948000, 0.467972, 4.477028
4.952000, 4.952000, 0.470972, 4.477028
4.956000, 4.956000, 0.484747, 4.467253
4.959000, 4.959000, 0.469196, 4.486804
4.962000, 4.962000, 0.472197, 4.486804
4.966000, 4.966000, 0.470309, 4.491691
4.969000, 4.969000, 0.469421, 4.496579
4.972000, 4.972000, 0.472421, 4.496579
4.976000, 4.976000, 0.470534, 4.501466
4.979000, 4.979000, 0.469646, 4.506354
4.982000, 4.982000, 0.472646, 4.506354
4.986000, 4.986000, 0.470758, 4.511241
4.989000, 4.989000, 0.474759, 4.511241
4.993000, 4.993000, 0.472871, 4.516129
4.997000, 4.997000, 0.476871, 4.516129
5.000000, 5.000000, 0.490646, 4.506354
5.003000, 5.003000, 0.474096, 4.525904
0.000000, 0.000000, 0.472208, 4.530792
0.004000, 0.004000, -4.501466, 4.501466
0.007000, 0.007000, -4.536567, 4.540567
0.011000, 0.011000, -4.533567, 4.540567
0.014000, 0.014000, -4.534454, 4.545455
0.017000, 0.017000, -4.531455, 4.545455
0.021000, 0.021000, -4.533342, 4.550342
0.024000, 0.024000, -4.524455, 4.545455
0.029000, 0.029000, -4.521454, 4.545455
0.032000, 0.032000, -4.516455, 4.545455
0.035000, 0.035000, -4.513454, 4.545455
0.039000, 0.039000, -4.515342, 4.550342
0.042000, 0.042000, -4.506454, 4.545455
0.046000, 0.046000, -4.508342, 4.550342
0.049000, 0.049000, -4.504342, 4.550342
0.052000, 0.052000, -4.496455, 4.545455
0.056000, 0.056000, -4.488567, 4.540567
0.059000, 0.059000, -4.479679, 4.535679
0.063000, 0.063000, -4.466904, 4.525904
0.066000, 0.066000, -4.453129, 4.516129
0.069000, 0.069000, -4.445241, 4.511241
0.074000, 0.074000, -4.437354, 4.506354
0.077000, 0.077000, -4.427466, 4.501466
0.081000, 0.081000, -4.414691, 4.491691
0.084000, 0.084000, -4.405804, 4.486804
0.087000, 0.087000, -4.393028, 4.477028
0.091000, 0.091000, -4.385141, 4.472141
0.094000, 0.094000, -4.376253, 4.467253
0.098000, 0.098000, -4.368366, 4.462366
0.101000, 0.101000, -4.359478, 4.457478
0.104000, 0.104000, -4.346703, 4.447703
0.108000, 0.108000, -4.333928, 4.437928
0.111000, 0.111000, -4.320153, 4.428153
0.116000, 0.116000, -4.302490, 4.413490
0.119000, 0.119000, -4.287714, 4.403715
0.122000, 0.122000, -4.274940, 4.393939
0.126000, 0.126000, -4.267052, 4.389052
0.129000, 0.129000, -4.258164, 4.384164
0.133000, 0.133000, -4.255164, 4.384164
0.136000, 0.136000, -4.246277, 4.379277
0.139000, 0.139000, -4.233501, 4.369502
0.143000, 0.143000, -4.225614, 4.364614
0.146000, 0.146000, -4.216726, 4.359726
0.150000, 0.150000, -4.208839, 4.354839
0.153000, 0.153000, -4.195064, 4.345064
0.157000, 0.157000, -4.177401, 4.330401
0.161000, 0.161000, -4.158738, 4.315738
0.164000, 0.164000, -4.144963, 4.305963
0.168000, 0.168000, -4.127300, 4.291300
0.171000, 0.171000, -4.118412, 4.286413
0.174000, 0.174000, -4.110525, 4.281525
0.178000, 0.178000, -4.102638, 4.276638
0.181000, 0.181000, -4.093750, 4.271750
0.185000, 0.185000, -4.085862, 4.266862
0.188000, 0.188000, -4.076975, 4.261975
0.191000, 0.191000, -4.049537, 4.237537
0.195000, 0.195000, -4.036762, 4.227762
0.198000, 0.198000, -4.022986, 4.217986
0.203000, 0.203000, -4.010211, 4.208211
0.206000, 0.206000, -3.995436, 4.198436
0.209000, 0.209000, -3.982661, 4.188661
0.213000, 0.213000, -3.974773, 4.183773
0.216000, 0.216000, -3.960998, 4.173998
0.220000, 0.220000, -3.948223, 4.164223
0.223000, 0.223000, -3.934448, 4.154448
0.227000, 0.227000, -3.926560, 4.149560
0.230000, 0.230000, -3.912785, 4.139785
0.233000, 0.233000, -3.895122, 4.125122
0.237000, 0.237000, -3.877459, 4.110459
0.240000, 0.240000, -3.868572, 4.105572
0.245000, 0.245000, -3.860684, 4.100684
0.248000, 0.248000, -3.841022, 4.086021
0.251000, 0.251000, -3.818471, 4.066471
0.255000, 0.255000, -3.805696, 4.056696
0.258000, 0.258000, -3.791921, 4.046921
0.262000, 0.262000, -3.779146, 4.037146
0.265000, 0.265000, -3.760483, 4.022483
0.268000, 0.268000, -3.747708, 4.012708
0.272000, 0.272000, -3.734932, 4.002933
0.275000, 0.275000, -3.721157, 3.993157
0.279000, 0.279000, -3.713270, 3.988270
0.282000, 0.282000, -3.699495, 3.978495
0.286000, 0.286000, -3.676944, 3.958944
0.290000, 0.290000, -3.663169, 3.949169
0.293000, 0.293000, -3.654282, 3.944282
0.297000, 0.297000, -3.641506, 3.934506
0.300000, 0.300000, -3.627731, 3.924731
0.303000, 0.303000, -3.614956, 3.914956
0.307000, 0.307000, -3.602181, 3.905181
0.310000, 0.310000, -3.583518, 3.890518
0.314000, 0.314000, -3.575630, 3.885630
0.317000, 0.317000, -3.561855, 3.875855
0.320000, 0.320000, -3.544193, 3.861192
0.324000, 0.324000, -3.536305, 3.856305
0.328000, 0.328000, -3.517642, 3.841642
0.332000, 0.332000, -3.503867, 3.831867
0.335000, 0.335000, -3.490092, 3.822092
0.338000, 0.338000, -3.477317, 3.812317
0.342000, 0.342000, -3.469429, 3.807429
0.345000, 0.345000, -3.445879, 3.787879
0.349000, 0.349000, -3.437991, 3.782991
0.352000, 0.352000, -3.429104, 3.778104
0.355000, 0.355000, -3.416328, 3.768328
0.359000, 0.359000, -3.403553, 3.758553
0.362000, 0.362000, -3.394666, 3.753666
0.366000, 0.366000, -3.381891, 3.743891
0.370000, 0.370000, -3.363228, 3.729228
0.373000, 0.373000, -3.349452, 3.719453
0.377000, 0.377000, -3.336678, 3.709677
0.380000, 0.380000, -3.313127, 3.690127
0.384000, 0.384000, -3.315015, 3.695015
0.387000, 0.387000, -3.306127, 3.690127
0.390000, 0.390000, -3.293352, 3.680352
0.394000, 0.394000, -3.275689, 3.665689
0.397000, 0.397000, -3.247251, 3.641251
0.401000, 0.401000, -3.249139, 3.646139
0.404000, 0.404000, -3.235364, 3.636364
0.407000, 0.407000, -3.227476, 3.631476
0.411000, 0.411000, -3.209813, 3.616813
0.415000, 0.415000, -3.176488, 3.587488
0.419000, 0.419000, -3.182263, 3.597263
0.422000, 0.422000, -3.168488, 3.587488
0.426000, 0.426000, -3.160600, 3.582600
0.429000, 0.429000, -3.141937, 3.567937
0.432000, 0.432000, -3.109612, 3.538612
0.436000, 0.436000, -3.111500, 3.543499
0.439000, 0.439000, -3.097724, 3.533724
0.443000, 0.443000, -3.094724, 3.533724
0.446000, 0.446000, -3.076061, 3.519062
0.449000, 0.449000, -3.029073, 3.475073
0.453000, 0.453000, -3.045624, 3.494624
0.457000, 0.457000, -3.031848, 3.484848
0.461000, 0.461000, -3.022961, 3.479961
0.464000, 0.464000, -3.014073, 3.475073
0.467000, 0.467000, -3.011073, 3.475073
0.471000, 0.471000, -2.993411, 3.460411
0.474000, 0.474000, -2.945422, 3.416422
0.478000, 0.478000, -2.971748, 3.445748
0.481000, 0.481000, -2.957973, 3.435973
0.484000, 0.484000, -2.945198, 3.426198
0.488000, 0.488000, -2.937310, 3.421310
0.491000, 0.491000, -2.918647, 3.406647
0.495000, 0.495000, -2.905872, 3.396872
0.499000, 0.499000, -2.892097, 3.387097
0.502000, 0.502000, -2.873434, 3.372434
0.506000, 0.506000, -2.865547, 3.367547
0.509000, 0.509000, -2.841996, 3.347996
0.513000, 0.513000, -2.843884, 3.352884
0.516000, 0.516000, -2.830109, 3.343109
0.519000, 0.519000, -2.812446, 3.328446
0.523000, 0.523000, -2.794783, 3.313783
0.526000, 0.526000, -2.771233, 3.294233
0.530000, 0.530000, -2.778008, 3.304008
0.533000, 0.533000, -2.769120, 3.299120
0.536000, 0.536000, -2.761233, 3.294233
0.541000, 0.541000, -2.748458, 3.284458
0.544000, 0.544000, -2.714132, 3.255132
0.548000, 0.548000, -2.725794, 3.269794
0.551000, 0.551000, -2.707132, 3.255132
0.554000, 0.554000, -2.699244, 3.250244
0.558000, 0.558000, -2.686469, 3.240469
0.561000, 0.561000, -2.648256, 3.206256
0.565000, 0.565000, -2.669694, 3.230694
0.568000, 0.568000, -2.660806, 3.225806
0.571000, 0.571000, -2.652919, 3.220919
0.575000, 0.575000, -2.635256, 3.206256
0.578000, 0.578000, -2.597043, 3.172043
0.582000, 0.582000, -2.608706, 3.186706
0.586000, 0.586000, -2.594930, 3.176930
0.589000, 0.589000, -2.581155, 3.167155
0.593000, 0.593000, -2.573268, 3.162268
0.596000, 0.596000, -2.530167, 3.123167
0.600000, 0.600000, -2.551605, 3.147605
0.603000, 0.603000, -2.513392, 3.113392
0.606000, 0.606000, -2.529942, 3.132942
0.610000, 0.610000, -2.522055, 3.128055
0.613000, 0.613000, -2.483841, 3.093842
0.617000, 0.617000, -2.500392, 3.113392
0.620000, 0.620000, -2.481729, 3.098729
0.623000, 0.623000, -2.473842, 3.093842
0.628000, 0.628000, -2.461066, 3.084066
0.631000, 0.631000, -2.416966, 3.044966
0.635000, 0.635000, -2.443291, 3.074291
0.638000, 0.638000, -2.424628, 3.059628
0.642000, 0.642000, -2.421628, 3.059628
0.645000, 0.645000, -2.407853, 3.049853
0.648000, 0.648000, -2.355978, 3.000978
0.652000, 0.652000, -2.382303, 3.030303
0.655000, 0.655000, -2.363640, 3.015640
0.659000, 0.659000, -2.360640, 3.015640
0.662000, 0.662000, -2.346865, 3.005865
0.665000, 0.665000, -2.294989, 2.956989
0.670000, 0.670000, -2.321315, 2.986315
0.673000, 0.673000, -2.301652, 2.971652
0.677000, 0.677000, -2.298652, 2.971652
0.680000, 0.680000, -2.284877, 2.961877
0.683000, 0.683000, -2.252551, 2.932551
0.687000, 0.687000, -2.273989, 2.956989
0.690000, 0.690000, -2.250439, 2.937439
0.694000, 0.694000, -2.252326, 2.942326
0.697000, 0.697000, -2.233664, 2.927664
0.700000, 0.700000, -2.220888, 2.917888
0.704000, 0.704000, -2.213001, 2.913001
0.707000, 0.707000, -2.184563, 2.888563
0.712000, 0.712000, -2.191338, 2.898338
0.715000, 0.715000, -2.127687, 2.839687
0.718000, 0.718000, -2.163788, 2.878788
0.722000, 0.722000, -2.155900, 2.873900
0.725000, 0.725000, -2.122575, 2.844575
0.729000, 0.729000, -2.134237, 2.859237
0.732000, 0.732000, -2.115575, 2.844575
0.735000, 0.735000, -2.112575, 2.844575
0.739000, 0.739000, -2.109575, 2.844575
0.742000, 0.742000, -2.076249, 2.815249
0.746000, 0.746000, -2.092800, 2.834800
0.749000, 0.749000, -2.064362, 2.810362
0.752000, 0.752000, -2.056474, 2.805474
0.757000, 0.757000, -2.048586, 2.800586
0.760000, 0.760000, -2.009373, 2.766373
0.764000, 0.764000, -2.025924, 2.785924
0.767000, 0.767000, -2.012149, 2.776149
0.770000, 0.770000, -2.009149, 2.776149
0.774000, 0.774000, -1.996373, 2.766373
0.777000, 0.777000, -1.958160, 2.732160
0.781000, 0.781000, -1.979598, 2.756598
0.784000, 0.784000, -1.960935, 2.741935
0.787000, 0.787000, -1.957936, 2.741935
0.791000, 0.791000, -1.945160, 2.732160
0.794000, 0.794000, -1.906947, 2.697947
0.799000, 0.799000, -1.933273, 2.727273
0.802000, 0.802000, -1.918498, 2.717498
0.805000, 0.805000, -1.910610, 2.712610
0.809000, 0.809000, -1.902722, 2.707722
0.812000, 0.812000, -1.864509, 2.673509
0.816000, 0.816000, -1.885947, 2.697947
0.819000, 0.819000, -1.867285, 2.683285
0.822000, 0.822000, -1.864285, 2.683285
0.826000, 0.826000, -1.851509, 2.673509
0.829000, 0.829000, -1.813296, 2.639296
0.833000, 0.833000, -1.829847, 2.658847
0.836000, 0.836000, -1.806296, 2.639296
0.840000, 0.840000, -1.808184, 2.644184
0.844000, 0.844000, -1.735758, 2.575758
0.847000, 0.847000, -1.746420, 2.590420
0.851000, 0.851000, -1.772746, 2.619746
0.854000, 0.854000, -1.734533, 2.585533
0.858000, 0.858000, -1.741308, 2.595308
0.861000, 0.861000, -1.698207, 2.556207
0.864000, 0.864000, -1.690320, 2.551320
0.868000, 0.868000, -1.716645, 2.580645
0.871000, 0.871000, -1.693095, 2.561095
0.875000, 0.875000, -1.699870, 2.570870
0.878000, 0.878000, -1.681207, 2.556207
0.882000, 0.882000, -1.658657, 2.536657
0.886000, 0.886000, -1.669320, 2.551320
0.889000, 0.889000, -1.640882, 2.526882
0.893000, 0.893000, -1.642769, 2.531769
0.896000, 0.896000, -1.628994, 2.521994
0.899000, 0.899000, -1.621107, 2.517107
0.903000, 0.903000, -1.618107, 2.517107
0.906000, 0.906000, -1.589669, 2.492669
0.910000, 0.910000, -1.606219, 2.512219
0.913000, 0.913000, -1.592444, 2.502444
0.916000, 0.916000, -1.579669, 2.492669
0.920000, 0.920000, -1.571781, 2.487781
0.923000, 0.923000, -1.533568, 2.453568
0.928000, 0.928000, -1.545231, 2.468231
0.931000, 0.931000, -1.525568, 2.453568
0.934000, 0.934000, -1.517680, 2.448680
0.938000, 0.938000, -1.514680, 2.448680
0.941000, 0.941000, -1.486243, 2.424242
0.945000, 0.945000, -1.502793, 2.443793
0.948000, 0.948000, -1.493905, 2.438905
0.951000, 0.951000, -1.490905, 2.438905
0.955000, 0.955000, -1.492793, 2.443793
0.958000, 0.958000, -1.464355, 2.419355
0.962000, 0.962000, -1.476018, 2.434018
0.965000, 0.965000, -1.452467, 2.414467
0.969000, 0.969000, -1.454355, 2.419355
0.973000, 0.973000, -1.445467, 2.414467
0.976000, 0.976000, -1.402366, 2.375366
0.980000, 0.980000, -1.414029, 2.390029
0.983000, 0.983000, -1.390479, 2.370479
0.986000, 0.986000, -1.387479, 2.370479
0.990000, 0.990000, -1.340491, 2.326491
0.993000, 0.993000, -1.351153, 2.341153
0.997000, 0.997000, -1.362816, 2.355816
1.000000, 1.000000, -1.344153, 2.341153
1.003000, 1.003000, -1.341153, 2.341153
1.007000, 1.007000, -1.299053, 2.302053
1.011000, 1.011000, -1.299940, 2.306940
1.015000, 1.015000, -1.315491, 2.326491
1.018000, 1.018000, -1.301715, 2.316715
1.021000, 1.021000, -1.298715, 2.316715
1.025000, 1.025000, -1.281053, 2.302053
1.028000, 1.028000, -1.267278, 2.292278
1.032000, 1.032000, -1.278940, 2.306940
1.035000, 1.035000, -1.260278, 2.292278
1.038000, 1.038000, -1.257278, 2.292278
1.042000, 1.042000, -1.239615, 2.277615
1.045000, 1.045000, -1.206289, 2.248289
1.049000, 1.049000, -1.213065, 2.258065
1.053000, 1.053000, -1.194402, 2.243402
1.057000, 1.057000, -1.200177, 2.253177
1.060000, 1.060000, -1.191289, 2.248289
1.063000, 1.063000, -1.173627, 2.233627
1.067000, 1.067000, -1.185289, 2.248289
1.070000, 1.070000, -1.166627, 2.233627
1.074000, 1.074000, -1.168514, 2.238514
1.077000, 1.077000, -1.159627, 2.233627
1.080000, 1.080000, -1.132189, 2.209189
1.084000, 1.084000, -1.148739, 2.228739
1.087000, 1.087000, -1.125189, 2.209189
1.091000, 1.091000, -1.131964, 2.218964
1.094000, 1.094000, -1.123076, 2.214076
1.098000, 1.098000, -1.105414, 2.199414
1.102000, 1.102000, -1.101413, 2.199414
1.105000, 1.105000, -1.068088, 2.170088
1.109000, 1.109000, -1.074863, 2.179863
1.112000, 1.112000, -1.061088, 2.170088
1.115000, 1.115000, -1.058088, 2.170088
1.119000, 1.119000, -1.001325, 2.116325
1.122000, 1.122000, -1.031538, 2.150538
1.126000, 1.126000, -1.038313, 2.160313
1.129000, 1.129000, -1.029425, 2.155425
1.132000, 1.132000, -1.021538, 2.150538
1.136000, 1.136000, -0.964774, 2.096774
1.140000, 1.140000, -0.990100, 2.126100
1.144000, 1.144000, -0.986100, 2.126100
1.147000, 1.147000, -0.972325, 2.116325
1.150000, 1.150000, -0.964437, 2.111437
1.154000, 1.154000, -0.936999, 2.086999
1.157000, 1.157000, -0.942774, 2.096774
1.161000, 1.161000, -0.944662, 2.101662
1.164000, 1.164000, -0.925999, 2.086999
1.167000, 1.167000, -0.922999, 2.086999
1.171000, 1.171000, -0.910224, 2.077224
1.174000, 1.174000, -0.896449, 2.067449
1.178000, 1.178000, -0.898336, 2.072336
1.182000, 1.182000, -0.884561, 2.062561
1.185000, 1.185000, -0.880561, 2.062561
1.189000, 1.189000, -0.867786, 2.052786
1.192000, 1.192000, -0.849123, 2.038123
1.196000, 1.196000, -0.851011, 2.043011
1.199000, 1.199000, -0.842123, 2.038123
1.202000, 1.202000, -0.839123, 2.038123
1.206000, 1.206000, -0.831236, 2.033236
1.209000, 1.209000, -0.812573, 2.018573
1.213000, 1.213000, -0.819348, 2.028348
1.216000, 1.216000, -0.800685, 2.013685
1.219000, 1.219000, -0.797685, 2.013685
1.224000, 1.224000, -0.784910, 2.003910
1.227000, 1.227000, -0.765247, 1.989247
1.231000, 1.231000, -0.772022, 1.999022
1.234000, 1.234000, -0.753360, 1.984360
1.237000, 1.237000, -0.755247, 1.989247
1.241000, 1.241000, -0.747360, 1.984360
1.244000, 1.244000, -0.728697, 1.969697
1.248000, 1.248000, -0.730585, 1.974585
1.251000, 1.251000, -0.716809, 1.964809
1.254000, 1.254000, -0.713809, 1.964809
1.258000, 1.258000, -0.701034, 1.955034
1.261000, 1.261000, -0.692147, 1.950147
1.266000, 1.266000, -0.640271, 1.901271
1.269000, 1.269000, -0.674371, 1.940371
1.273000, 1.273000, -0.676259, 1.945259
1.276000, 1.276000, -0.667371, 1.940371
1.279000, 1.279000, -0.654596, 1.930596
1.283000, 1.283000, -0.627158, 1.906158
1.286000, 1.286000, -0.647596, 1.930596
1.290000, 1.290000, -0.649484, 1.935484
1.293000, 1.293000, -0.635709, 1.925709
1.296000, 1.296000, -0.627821, 1.920821
1.300000, 1.300000, -0.605271, 1.901271
1.303000, 1.303000, -0.620821, 1.920821
1.307000, 1.307000, -0.612934, 1.915933
1.311000, 1.311000, -0.604046, 1.911046
1.314000, 1.314000, -0.600046, 1.911046
1.318000, 1.318000, -0.582383, 1.896383
1.321000, 1.321000, -0.578383, 1.896383
1.325000, 1.325000, -0.570496, 1.891496
1.328000, 1.328000, -0.556720, 1.881720
1.331000, 1.331000, -0.553720, 1.881720
1.335000, 1.335000, -0.540945, 1.871945
1.338000, 1.338000, -0.536945, 1.871945
1.342000, 1.342000, -0.533945, 1.871945
1.345000, 1.345000, -0.520170, 1.862170
1.348000, 1.348000, -0.512282, 1.857283
